[
  {
    "id": "0cb91bfb-feb9-4b9f-9a4c-341f8e7532ed",
    "data": [
      {
        "text": "你會哪些技能",
        "userDefined": false
      }
    ],
    "isTemplate": false,
    "count": 0,
    "lang": "zh-tw",
    "updated": 0
  },
  {
    "id": "75cc6bc8-7557-41e8-8b0f-7e0f46f72d2f",
    "data": [
      {
        "text": "你的功能有什麼",
        "userDefined": false
      }
    ],
    "isTemplate": false,
    "count": 0,
    "lang": "zh-tw",
    "updated": 0
  },
  {
    "id": "d61bb671-202e-4c22-8883-814a3cde07ee",
    "data": [
      {
        "text": "有哪些服務呢？",
        "userDefined": false
      }
    ],
    "isTemplate": false,
    "count": 0,
    "lang": "zh-tw",
    "updated": 0
  },
  {
    "id": "641c7b74-5e05-41bd-b866-bf5038d1e659",
    "data": [
      {
        "text": "你有哪些功能？",
        "userDefined": false
      }
    ],
    "isTemplate": false,
    "count": 0,
    "lang": "zh-tw",
    "updated": 0
  },
  {
    "id": "a74dc057-e825-4930-beda-c16fac744ea5",
    "data": [
      {
        "text": "Hi",
        "meta": "@sys.ignore",
        "userDefined": false
      }
    ],
    "isTemplate": false,
    "count": 0,
    "lang": "zh-tw",
    "updated": 0
  },
  {
    "id": "3cdd6a9d-c1e5-4b6a-b079-1b3ef597d99a",
    "data": [
      {
        "text": "嗨",
        "userDefined": false
      }
    ],
    "isTemplate": false,
    "count": 0,
    "lang": "zh-tw",
    "updated": 0
  },
  {
    "id": "8ca4ed32-5cfa-4133-8f94-43b5f8bb5f4d",
    "data": [
      {
        "text": "Hello",
        "userDefined": false
      }
    ],
    "isTemplate": false,
    "count": 0,
    "lang": "zh-tw",
    "updated": 0
  },
  {
    "id": "4d9e1e30-1e67-4c87-8cd5-7f156420ec74",
    "data": [
      {
        "text": "你好",
        "userDefined": false
      }
    ],
    "isTemplate": false,
    "count": 0,
    "lang": "zh-tw",
    "updated": 0
  }
]