[
  {
    "id": "e655f5f5-403c-457f-932e-38ede2c9156d",
    "data": [
      {
        "text": "今天晚上",
        "meta": "@date-range-name",
        "alias": "date-range-name",
        "userDefined": false
      },
      {
        "text": "攝氏",
        "meta": "@search-weather",
        "alias": "search-weather",
        "userDefined": false
      },
      {
        "text": "多少",
        "userDefined": false
      }
    ],
    "isTemplate": false,
    "count": 0,
    "lang": "zh-tw",
    "updated": 0
  },
  {
    "id": "2ce56ed5-aad2-4ae3-a3d9-f69915a160c9",
    "data": [
      {
        "text": "平日",
        "meta": "@date-range-name",
        "alias": "date-range-name",
        "userDefined": false
      },
      {
        "text": "氣象",
        "meta": "@search-weather",
        "alias": "search-weather",
        "userDefined": false
      },
      {
        "text": "如何",
        "userDefined": false
      }
    ],
    "isTemplate": false,
    "count": 0,
    "lang": "zh-tw",
    "updated": 0
  },
  {
    "id": "93895446-617e-493a-86d6-4b7b7cafc71a",
    "data": [
      {
        "text": "下午",
        "meta": "@date-range-name",
        "alias": "date-range-name",
        "userDefined": true
      },
      {
        "text": "會不會下",
        "userDefined": false
      },
      {
        "text": "大雨",
        "meta": "@search-weather",
        "alias": "search-weather",
        "userDefined": true
      }
    ],
    "isTemplate": false,
    "count": 0,
    "lang": "zh-tw",
    "updated": 0
  },
  {
    "id": "e8c64074-74ed-4894-be61-1a859d624468",
    "data": [
      {
        "text": "後天",
        "meta": "@date-range-name",
        "alias": "date-range-name",
        "userDefined": false
      },
      {
        "text": "要不要",
        "userDefined": false
      },
      {
        "text": "帶外套",
        "meta": "@sys.ignore",
        "userDefined": true
      }
    ],
    "isTemplate": false,
    "count": 0,
    "lang": "zh-tw",
    "updated": 0
  },
  {
    "id": "75432bc2-4d61-48d9-827a-0cfebe0545c5",
    "data": [
      {
        "text": "明天",
        "meta": "@date-range-name",
        "alias": "date-range-name",
        "userDefined": false
      },
      {
        "text": "會不會",
        "userDefined": false
      },
      {
        "text": "冷",
        "meta": "@search-weather",
        "alias": "search-weather",
        "userDefined": true
      }
    ],
    "isTemplate": false,
    "count": 0,
    "lang": "zh-tw",
    "updated": 0
  },
  {
    "id": "f645bc52-59a9-468b-aef6-ad001ad06924",
    "data": [
      {
        "text": "週末",
        "meta": "@date-range-name",
        "alias": "date-range-name",
        "userDefined": false
      },
      {
        "text": "需要",
        "userDefined": false
      },
      {
        "text": "帶傘",
        "meta": "@search-weather",
        "alias": "search-weather",
        "userDefined": true
      },
      {
        "text": "嗎",
        "userDefined": false
      }
    ],
    "isTemplate": false,
    "count": 0,
    "lang": "zh-tw",
    "updated": 0
  },
  {
    "id": "7d0d017b-340d-4d39-8f47-aedc1c06dba0",
    "data": [
      {
        "text": "今天",
        "meta": "@date-range-name",
        "alias": "date-range-name",
        "userDefined": false
      },
      {
        "text": "需要",
        "userDefined": false
      },
      {
        "text": "帶傘",
        "meta": "@search-weather",
        "alias": "search-weather",
        "userDefined": true
      },
      {
        "text": "嗎",
        "userDefined": false
      }
    ],
    "isTemplate": false,
    "count": 0,
    "lang": "zh-tw",
    "updated": 0
  },
  {
    "id": "b78d3ed0-3432-4ebe-b0ea-4123470c7171",
    "data": [
      {
        "text": "今天",
        "meta": "@date-range-name",
        "alias": "date-range-name",
        "userDefined": false
      },
      {
        "text": "要",
        "userDefined": false
      },
      {
        "text": "帶雨傘",
        "meta": "@search-weather",
        "alias": "search-weather",
        "userDefined": true
      },
      {
        "text": "嗎",
        "userDefined": false
      }
    ],
    "isTemplate": false,
    "count": 0,
    "lang": "zh-tw",
    "updated": 0
  },
  {
    "id": "3f836a3e-b28e-4a07-a6bf-c33728d4a901",
    "data": [
      {
        "text": "這週",
        "userDefined": false
      },
      {
        "text": "休息日",
        "meta": "@date-range-name",
        "alias": "date-range-name",
        "userDefined": true
      },
      {
        "text": "高雄",
        "meta": "@township",
        "alias": "township",
        "userDefined": true
      },
      {
        "text": "天氣",
        "meta": "@search-weather",
        "alias": "search-weather",
        "userDefined": true
      },
      {
        "text": "好嗎？",
        "userDefined": false
      }
    ],
    "isTemplate": false,
    "count": 0,
    "lang": "zh-tw",
    "updated": 0
  },
  {
    "id": "7858cc76-e7f6-4cd5-bd5d-c1837ea9baeb",
    "data": [
      {
        "text": "這",
        "userDefined": false
      },
      {
        "text": "週末",
        "meta": "@date-range-name",
        "alias": "date-range-name",
        "userDefined": false
      },
      {
        "text": "會",
        "userDefined": false
      },
      {
        "text": "下雨",
        "meta": "@search-weather",
        "alias": "search-weather",
        "userDefined": true
      },
      {
        "text": "嗎？",
        "userDefined": false
      }
    ],
    "isTemplate": false,
    "count": 0,
    "lang": "zh-tw",
    "updated": 0
  },
  {
    "id": "020ad3a9-f0b4-48df-9e8a-610d5b0eb17b",
    "data": [
      {
        "text": "天氣",
        "meta": "@search-weather",
        "alias": "search-weather",
        "userDefined": true
      },
      {
        "text": "好不好",
        "userDefined": false
      }
    ],
    "isTemplate": false,
    "count": 0,
    "lang": "zh-tw",
    "updated": 0
  },
  {
    "id": "bc9aedbe-ab6b-48f1-8f76-fe097ca6cca4",
    "data": [
      {
        "text": "會",
        "userDefined": false
      },
      {
        "text": "熱",
        "meta": "@search-weather",
        "alias": "search-weather",
        "userDefined": true
      },
      {
        "text": "嗎",
        "userDefined": false
      }
    ],
    "isTemplate": false,
    "count": 0,
    "lang": "zh-tw",
    "updated": 0
  },
  {
    "id": "b2e7ca06-fb49-46a0-90f6-621fd9ec6ecc",
    "data": [
      {
        "text": "會",
        "userDefined": false
      },
      {
        "text": "下雨",
        "meta": "@search-weather",
        "alias": "search-weather",
        "userDefined": true
      },
      {
        "text": "嗎",
        "userDefined": false
      }
    ],
    "isTemplate": false,
    "count": 0,
    "lang": "zh-tw",
    "updated": 0
  },
  {
    "id": "7be4376d-6fa1-4b54-987d-300b9977f749",
    "data": [
      {
        "text": "明天",
        "meta": "@date-range-name",
        "alias": "date-range-name",
        "userDefined": true
      },
      {
        "text": "會很",
        "userDefined": false
      },
      {
        "text": "熱",
        "meta": "@search-weather",
        "alias": "search-weather",
        "userDefined": true
      },
      {
        "text": "嗎？",
        "userDefined": false
      }
    ],
    "isTemplate": false,
    "count": 0,
    "lang": "zh-tw",
    "updated": 0
  },
  {
    "id": "5e9d963e-4ccc-48b4-b54d-836104915c7d",
    "data": [
      {
        "text": "今天",
        "meta": "@date-range-name",
        "alias": "date-range-name",
        "userDefined": true
      },
      {
        "text": "台中",
        "meta": "@township",
        "alias": "township",
        "userDefined": true
      },
      {
        "text": "天氣",
        "meta": "@search-weather",
        "alias": "search-weather",
        "userDefined": true
      },
      {
        "text": "好不好？",
        "userDefined": false
      }
    ],
    "isTemplate": false,
    "count": 0,
    "lang": "zh-tw",
    "updated": 0
  },
  {
    "id": "c4fe09e4-c8ee-408d-a870-bd8c7e8c2310",
    "data": [
      {
        "text": "台北",
        "meta": "@township",
        "alias": "township",
        "userDefined": true
      },
      {
        "text": "會",
        "userDefined": false
      },
      {
        "text": "下雨",
        "meta": "@search-weather",
        "alias": "search-weather",
        "userDefined": true
      },
      {
        "text": "嗎？",
        "userDefined": false
      }
    ],
    "isTemplate": false,
    "count": 0,
    "lang": "zh-tw",
    "updated": 0
  },
  {
    "id": "00c3edda-8941-4bf4-93ad-56a89376236a",
    "data": [
      {
        "text": "今天",
        "meta": "@date-range-name",
        "alias": "date-range-name",
        "userDefined": true
      },
      {
        "text": "天氣",
        "meta": "@search-weather",
        "alias": "search-weather",
        "userDefined": true
      },
      {
        "text": "如何",
        "userDefined": false
      }
    ],
    "isTemplate": false,
    "count": 0,
    "lang": "zh-tw",
    "updated": 0
  },
  {
    "id": "c72f7b3d-b92c-421a-a560-51d2f521bc12",
    "data": [
      {
        "text": "神岡",
        "meta": "@township",
        "alias": "township",
        "userDefined": true
      },
      {
        "text": "今天",
        "meta": "@date-range-name",
        "alias": "date-range-name",
        "userDefined": true
      },
      {
        "text": "天氣",
        "meta": "@search-weather",
        "alias": "search-weather",
        "userDefined": true
      },
      {
        "text": "如何",
        "userDefined": false
      }
    ],
    "isTemplate": false,
    "count": 4,
    "lang": "zh-tw",
    "updated": 0
  },
  {
    "id": "8b1c0a0f-b54d-421b-ba55-e81a8bdaeb9a",
    "data": [
      {
        "text": "今天",
        "meta": "@date-range-name",
        "alias": "date-range-name",
        "userDefined": true
      },
      {
        "text": "天氣",
        "meta": "@search-weather",
        "alias": "search-weather",
        "userDefined": true
      },
      {
        "text": "好嗎？",
        "userDefined": false
      }
    ],
    "isTemplate": false,
    "count": 1,
    "lang": "zh-tw",
    "updated": 0
  },
  {
    "id": "c6cdc1ee-106d-4f0c-b57d-234647e9914e",
    "data": [
      {
        "text": "明天",
        "meta": "@date-range-name",
        "alias": "date-range-name",
        "userDefined": true
      },
      {
        "text": "台北",
        "meta": "@township",
        "alias": "township",
        "userDefined": true
      },
      {
        "text": "天氣",
        "meta": "@search-weather",
        "alias": "search-weather",
        "userDefined": true
      },
      {
        "text": "如何",
        "userDefined": false
      }
    ],
    "isTemplate": false,
    "count": 0,
    "lang": "zh-tw",
    "updated": 0
  },
  {
    "id": "f89224a2-cdcc-456f-985d-8e9f0739ff7f",
    "data": [
      {
        "text": "今天",
        "meta": "@date-range-name",
        "alias": "date-range-name",
        "userDefined": true
      },
      {
        "text": "台北",
        "meta": "@township",
        "alias": "township",
        "userDefined": true
      },
      {
        "text": "天氣",
        "meta": "@search-weather",
        "alias": "search-weather",
        "userDefined": true
      },
      {
        "text": "好嗎？",
        "userDefined": false
      }
    ],
    "isTemplate": false,
    "count": 2,
    "lang": "zh-tw",
    "updated": 0
  },
  {
    "id": "5eb4395c-45b6-48a6-b26e-ea46dc1d40b6",
    "data": [
      {
        "text": "今天下午",
        "meta": "@date-range-name",
        "alias": "date-range-name",
        "userDefined": true
      },
      {
        "text": "台北",
        "meta": "@township",
        "alias": "township",
        "userDefined": true
      },
      {
        "text": "天氣",
        "meta": "@search-weather",
        "alias": "search-weather",
        "userDefined": true
      },
      {
        "text": "好嗎？",
        "userDefined": false
      }
    ],
    "isTemplate": false,
    "count": 1,
    "lang": "zh-tw",
    "updated": 0
  },
  {
    "id": "a04c9267-7baf-4973-96ba-b0ea57cff441",
    "data": [
      {
        "text": "今天",
        "meta": "@date-range-name",
        "alias": "date-range-name",
        "userDefined": true
      },
      {
        "text": "台北",
        "meta": "@township",
        "alias": "township",
        "userDefined": true
      },
      {
        "text": "天氣",
        "meta": "@search-weather",
        "alias": "search-weather",
        "userDefined": true
      },
      {
        "text": "如何",
        "userDefined": false
      }
    ],
    "isTemplate": false,
    "count": 0,
    "lang": "zh-tw",
    "updated": 0
  },
  {
    "id": "7fffcea2-b2a1-4afd-bdce-2a0b99a0ca6f",
    "data": [
      {
        "text": "明天",
        "meta": "@date-range-name",
        "alias": "date-range-name",
        "userDefined": true
      },
      {
        "text": "台中",
        "meta": "@township",
        "alias": "township",
        "userDefined": true
      },
      {
        "text": "天氣",
        "meta": "@search-weather",
        "alias": "search-weather",
        "userDefined": true
      },
      {
        "text": "如何",
        "userDefined": false
      }
    ],
    "isTemplate": false,
    "count": 0,
    "lang": "zh-tw",
    "updated": 0
  },
  {
    "id": "94e3663f-fed8-4d27-b6b0-c23a2b3c646f",
    "data": [
      {
        "text": "今天下午",
        "meta": "@date-range-name",
        "alias": "date-range-name",
        "userDefined": true
      },
      {
        "text": "台北",
        "meta": "@township",
        "alias": "township",
        "userDefined": false
      },
      {
        "text": "會",
        "userDefined": false
      },
      {
        "text": "下雨",
        "meta": "@search-weather",
        "alias": "search-weather",
        "userDefined": true
      },
      {
        "text": "嗎？",
        "userDefined": false
      }
    ],
    "isTemplate": false,
    "count": 0,
    "lang": "zh-tw",
    "updated": 0
  },
  {
    "id": "4466d08a-2054-4cf8-8a11-057961de2a33",
    "data": [
      {
        "text": "今天晚上",
        "meta": "@date-range-name",
        "alias": "date-range-name",
        "userDefined": true
      },
      {
        "text": "台中",
        "meta": "@township",
        "alias": "township",
        "userDefined": false
      },
      {
        "text": "會",
        "userDefined": false
      },
      {
        "text": "下雨",
        "meta": "@search-weather",
        "alias": "search-weather",
        "userDefined": true
      },
      {
        "text": "嗎？",
        "userDefined": false
      }
    ],
    "isTemplate": false,
    "count": 3,
    "lang": "zh-tw",
    "updated": 0
  },
  {
    "id": "32d04d3b-c92c-4ce0-ac60-2d130070c90b",
    "data": [
      {
        "text": "大安",
        "meta": "@township",
        "alias": "township",
        "userDefined": false
      },
      {
        "text": "的",
        "userDefined": false
      },
      {
        "text": "天氣",
        "meta": "@search-weather",
        "alias": "search-weather",
        "userDefined": true
      },
      {
        "text": "如何",
        "userDefined": false
      }
    ],
    "isTemplate": false,
    "count": 0,
    "lang": "zh-tw",
    "updated": 0
  },
  {
    "id": "8dfc0036-a2f4-462b-90eb-ba8685c48b6a",
    "data": [
      {
        "text": "神岡",
        "meta": "@township",
        "alias": "township",
        "userDefined": true
      },
      {
        "text": "天氣",
        "meta": "@search-weather",
        "alias": "search-weather",
        "userDefined": true
      },
      {
        "text": "如何",
        "userDefined": false
      }
    ],
    "isTemplate": false,
    "count": 0,
    "lang": "zh-tw",
    "updated": 0
  }
]