[
  {
    "id": "6ba546aa-9f78-4011-8c5a-b9d6e6a26584",
    "data": [
      {
        "text": "肚子餓",
        "userDefined": false
      }
    ],
    "isTemplate": false,
    "count": 0,
    "lang": "zh-tw",
    "updated": 0
  },
  {
    "id": "1f4b17da-2876-425d-9cd5-002b65131580",
    "data": [
      {
        "text": "可不可以吃飯了",
        "userDefined": false
      }
    ],
    "isTemplate": false,
    "count": 0,
    "lang": "zh-tw",
    "updated": 0
  },
  {
    "id": "0699dffe-c4eb-48df-84bb-e003f07cc76a",
    "data": [
      {
        "text": "午餐",
        "meta": "@sys.ignore",
        "userDefined": false
      },
      {
        "text": "呢？",
        "userDefined": false
      }
    ],
    "isTemplate": false,
    "count": 0,
    "lang": "zh-tw",
    "updated": 0
  },
  {
    "id": "90adb17d-6a4d-4391-ab21-ee482520ffe2",
    "data": [
      {
        "text": "我想吃宵",
        "userDefined": false
      },
      {
        "text": "夜",
        "meta": "@sys.ignore",
        "userDefined": false
      }
    ],
    "isTemplate": false,
    "count": 0,
    "lang": "zh-tw",
    "updated": 0
  },
  {
    "id": "819b6ead-4b43-43a4-b7a9-9e1a2f55a230",
    "data": [
      {
        "text": "我想吃麵",
        "userDefined": false
      }
    ],
    "isTemplate": false,
    "count": 0,
    "lang": "zh-tw",
    "updated": 0
  },
  {
    "id": "1a121358-a8fe-467d-ad02-cfc733e64dca",
    "data": [
      {
        "text": "我好餓喔",
        "userDefined": false
      }
    ],
    "isTemplate": false,
    "count": 0,
    "lang": "zh-tw",
    "updated": 0
  },
  {
    "id": "aee8d36c-bda7-4e0c-99f8-26eebeb29492",
    "data": [
      {
        "text": "早餐",
        "userDefined": false
      },
      {
        "text": "勒",
        "meta": "@sys.ignore",
        "userDefined": false
      }
    ],
    "isTemplate": false,
    "count": 0,
    "lang": "zh-tw",
    "updated": 0
  },
  {
    "id": "c8a21672-ed45-4543-aa62-0d28aec3fa2d",
    "data": [
      {
        "text": "晚餐",
        "meta": "@sys.ignore",
        "userDefined": false
      },
      {
        "text": "吃什麼",
        "userDefined": false
      }
    ],
    "isTemplate": false,
    "count": 0,
    "lang": "zh-tw",
    "updated": 0
  },
  {
    "id": "adcbafac-fcbe-436a-92cf-3064eb420a0d",
    "data": [
      {
        "text": "我肚子餓了",
        "userDefined": false
      }
    ],
    "isTemplate": false,
    "count": 0,
    "lang": "zh-tw",
    "updated": 0
  },
  {
    "id": "c39af343-fe44-4cb1-860e-f6df987b6096",
    "data": [
      {
        "text": "我想要吃飯",
        "userDefined": false
      }
    ],
    "isTemplate": false,
    "count": 0,
    "lang": "zh-tw",
    "updated": 0
  },
  {
    "id": "6a391a4e-8af9-4183-b1ac-a62350c53ae7",
    "data": [
      {
        "text": "準備吃下",
        "userDefined": false
      },
      {
        "text": "一",
        "meta": "@sys.ignore",
        "userDefined": false
      },
      {
        "text": "餐",
        "userDefined": false
      }
    ],
    "isTemplate": false,
    "count": 1,
    "lang": "zh-tw",
    "updated": 0
  }
]