[
  {
    "id": "2942efe9-9086-4d8d-b880-4d06071e1ec6",
    "data": [
      {
        "text": "心情不是很好",
        "userDefined": false
      }
    ],
    "isTemplate": false,
    "count": 0,
    "lang": "zh-tw",
    "updated": 0
  },
  {
    "id": "dff7a225-b032-412c-89e1-da5b1a1893a0",
    "data": [
      {
        "text": "講笑話",
        "userDefined": false
      }
    ],
    "isTemplate": false,
    "count": 0,
    "lang": "zh-tw",
    "updated": 0
  },
  {
    "id": "589a980b-9f66-4fa9-a172-0d796ed32096",
    "data": [
      {
        "text": "講幹話",
        "userDefined": false
      }
    ],
    "isTemplate": false,
    "count": 0,
    "lang": "zh-tw",
    "updated": 0
  },
  {
    "id": "0124f50a-2ec6-45b5-a08a-17b29b5cea67",
    "data": [
      {
        "text": "我想聽幹話",
        "userDefined": false
      }
    ],
    "isTemplate": false,
    "count": 0,
    "lang": "zh-tw",
    "updated": 0
  },
  {
    "id": "d67ae7aa-da50-4fde-8a2a-3f96346ef1b2",
    "data": [
      {
        "text": "我是個廢物",
        "userDefined": false
      }
    ],
    "isTemplate": false,
    "count": 0,
    "lang": "zh-tw",
    "updated": 0
  },
  {
    "id": "be3ab26b-6e43-4404-b673-052979327865",
    "data": [
      {
        "text": "我好衰喔",
        "userDefined": false
      }
    ],
    "isTemplate": false,
    "count": 0,
    "lang": "zh-tw",
    "updated": 0
  },
  {
    "id": "855714d6-0510-46e9-ba5a-f26413d598d9",
    "data": [
      {
        "text": "我很不爽",
        "userDefined": false
      }
    ],
    "isTemplate": false,
    "count": 0,
    "lang": "zh-tw",
    "updated": 0
  },
  {
    "id": "a8956aa9-3f54-4950-942d-bcaaaf3514a4",
    "data": [
      {
        "text": "很",
        "userDefined": false
      },
      {
        "text": "讓",
        "meta": "@sys.ignore",
        "userDefined": false
      },
      {
        "text": "人生氣",
        "userDefined": false
      }
    ],
    "isTemplate": false,
    "count": 0,
    "lang": "zh-tw",
    "updated": 0
  },
  {
    "id": "1f3c1c51-8ee6-4c5e-865e-b43edda15eba",
    "data": [
      {
        "text": "很想罵人",
        "userDefined": false
      }
    ],
    "isTemplate": false,
    "count": 0,
    "lang": "zh-tw",
    "updated": 0
  },
  {
    "id": "a349fdd5-aa4f-4dbc-b12c-1fb922b3b362",
    "data": [
      {
        "text": "好像罵髒話",
        "userDefined": false
      }
    ],
    "isTemplate": false,
    "count": 0,
    "lang": "zh-tw",
    "updated": 0
  },
  {
    "id": "7d2659f1-da08-4268-930c-fd01895ef78f",
    "data": [
      {
        "text": "好無聊",
        "userDefined": false
      }
    ],
    "isTemplate": false,
    "count": 0,
    "lang": "zh-tw",
    "updated": 0
  },
  {
    "id": "cafa380c-d14c-44d3-9b25-17cfde073025",
    "data": [
      {
        "text": "好想睡覺",
        "userDefined": false
      }
    ],
    "isTemplate": false,
    "count": 0,
    "lang": "zh-tw",
    "updated": 0
  },
  {
    "id": "1d383b1f-4c3d-4ce0-a3ba-6986215a873c",
    "data": [
      {
        "text": "精神不濟",
        "userDefined": false
      }
    ],
    "isTemplate": false,
    "count": 0,
    "lang": "zh-tw",
    "updated": 0
  },
  {
    "id": "5e26b66f-d159-4a54-b377-86f5d969145f",
    "data": [
      {
        "text": "心情不美麗",
        "userDefined": false
      }
    ],
    "isTemplate": false,
    "count": 0,
    "lang": "zh-tw",
    "updated": 0
  },
  {
    "id": "c0871225-677c-4e60-b4e4-37d944717cef",
    "data": [
      {
        "text": "心情很不好",
        "userDefined": false
      }
    ],
    "isTemplate": false,
    "count": 0,
    "lang": "zh-tw",
    "updated": 0
  },
  {
    "id": "99ca71f3-7f66-43c0-9560-6094a70620cf",
    "data": [
      {
        "text": "蠻不爽的",
        "userDefined": false
      }
    ],
    "isTemplate": false,
    "count": 0,
    "lang": "zh-tw",
    "updated": 0
  },
  {
    "id": "87ab122b-ca88-4a9c-81ec-f340a878dc26",
    "data": [
      {
        "text": "用心",
        "userDefined": false
      },
      {
        "text": "一點",
        "meta": "@sys.ignore",
        "userDefined": false
      }
    ],
    "isTemplate": false,
    "count": 0,
    "lang": "zh-tw",
    "updated": 0
  },
  {
    "id": "c3ee1b90-d468-4862-94db-16fca7d1339c",
    "data": [
      {
        "text": "認真",
        "userDefined": false
      },
      {
        "text": "一點",
        "meta": "@sys.ignore",
        "userDefined": false
      },
      {
        "text": "好不？",
        "userDefined": false
      }
    ],
    "isTemplate": false,
    "count": 0,
    "lang": "zh-tw",
    "updated": 0
  },
  {
    "id": "f5e50b71-4ead-4dd4-a91b-d426f8131060",
    "data": [
      {
        "text": "不要講屁話",
        "userDefined": false
      }
    ],
    "isTemplate": false,
    "count": 0,
    "lang": "zh-tw",
    "updated": 0
  },
  {
    "id": "c967bef5-6bb1-488d-8353-f91e8c9d1248",
    "data": [
      {
        "text": "說一句幹話",
        "userDefined": false
      }
    ],
    "isTemplate": false,
    "count": 0,
    "lang": "zh-tw",
    "updated": 0
  }
]