[
  {
    "id": "5773e7bf-69bb-41a0-b046-9ec78d4e49d7",
    "data": [
      {
        "text": "想聽情話",
        "userDefined": false
      }
    ],
    "isTemplate": false,
    "count": 0,
    "lang": "zh-tw",
    "updated": 0
  },
  {
    "id": "6d0c216c-d4c1-4c8b-8700-928c45410ce7",
    "data": [
      {
        "text": "我想聽情話",
        "userDefined": false
      }
    ],
    "isTemplate": false,
    "count": 1,
    "lang": "zh-tw",
    "updated": 0
  },
  {
    "id": "2f98b2af-e39b-480e-8647-cd843bd1e112",
    "data": [
      {
        "text": "可以成為",
        "userDefined": false
      },
      {
        "text": "我男朋友",
        "meta": "@sys.ignore",
        "userDefined": false
      },
      {
        "text": "嗎",
        "userDefined": false
      }
    ],
    "isTemplate": false,
    "count": 0,
    "lang": "zh-tw",
    "updated": 0
  },
  {
    "id": "2de59f5a-0a7c-40b5-8c6c-b6e6fba59b12",
    "data": [
      {
        "text": "妳是我的太陽",
        "userDefined": false
      }
    ],
    "isTemplate": false,
    "count": 0,
    "lang": "zh-tw",
    "updated": 0
  },
  {
    "id": "a2237977-b2e0-4763-bdf3-cd93d560a242",
    "data": [
      {
        "text": "當",
        "userDefined": false
      },
      {
        "text": "我的女朋友",
        "meta": "@sys.ignore",
        "userDefined": false
      }
    ],
    "isTemplate": false,
    "count": 0,
    "lang": "zh-tw",
    "updated": 0
  },
  {
    "id": "525f1bfd-777f-4c2d-9e3e-86df3fc29537",
    "data": [
      {
        "text": "想跟你待在一起",
        "userDefined": false
      }
    ],
    "isTemplate": false,
    "count": 0,
    "lang": "zh-tw",
    "updated": 0
  },
  {
    "id": "8e10a541-e88b-4819-a2f2-35abaaf35fce",
    "data": [
      {
        "text": "請教我撩人",
        "userDefined": false
      }
    ],
    "isTemplate": false,
    "count": 0,
    "lang": "zh-tw",
    "updated": 0
  },
  {
    "id": "c385df9f-8c7c-4dbd-9c08-1aed07be6129",
    "data": [
      {
        "text": "浪漫",
        "userDefined": false
      },
      {
        "text": "一點",
        "meta": "@sys.ignore",
        "userDefined": false
      },
      {
        "text": "好不好",
        "userDefined": false
      }
    ],
    "isTemplate": false,
    "count": 0,
    "lang": "zh-tw",
    "updated": 0
  },
  {
    "id": "606d41c5-d534-4a46-84b7-d47a3c408199",
    "data": [
      {
        "text": "今天",
        "meta": "@sys.ignore",
        "userDefined": false
      },
      {
        "text": "情人節",
        "meta": "@sys.ignore",
        "userDefined": false
      }
    ],
    "isTemplate": false,
    "count": 0,
    "lang": "zh-tw",
    "updated": 0
  },
  {
    "id": "d5e7e50c-8a81-4a63-8d28-e26693392f61",
    "data": [
      {
        "text": "愛",
        "meta": "@sys.ignore",
        "userDefined": false
      },
      {
        "text": "我一輩子",
        "userDefined": false
      }
    ],
    "isTemplate": false,
    "count": 0,
    "lang": "zh-tw",
    "updated": 0
  },
  {
    "id": "1cb67fb7-f685-4e54-91a9-71cba07a0370",
    "data": [
      {
        "text": "想戀愛",
        "userDefined": false
      }
    ],
    "isTemplate": false,
    "count": 0,
    "lang": "zh-tw",
    "updated": 0
  },
  {
    "id": "523e35e2-4924-4fd7-860f-e7a5ae4b6567",
    "data": [
      {
        "text": "我想聽甜言蜜語",
        "userDefined": false
      }
    ],
    "isTemplate": false,
    "count": 0,
    "lang": "zh-tw",
    "updated": 0
  },
  {
    "id": "6c0d8995-9e62-4bd3-81ca-af59ea01f4f2",
    "data": [
      {
        "text": "可以撩我嗎？",
        "userDefined": false
      }
    ],
    "isTemplate": false,
    "count": 0,
    "lang": "zh-tw",
    "updated": 0
  },
  {
    "id": "60a9bf14-3504-41ac-a82c-49737be81a28",
    "data": [
      {
        "text": "好喜歡你",
        "userDefined": false
      }
    ],
    "isTemplate": false,
    "count": 0,
    "lang": "zh-tw",
    "updated": 0
  },
  {
    "id": "fc1411e8-0234-4643-8cc9-4959d4b7eaf1",
    "data": [
      {
        "text": "我",
        "userDefined": false
      },
      {
        "text": "愛",
        "meta": "@sys.ignore",
        "userDefined": false
      },
      {
        "text": "你",
        "userDefined": false
      }
    ],
    "isTemplate": false,
    "count": 0,
    "lang": "zh-tw",
    "updated": 0
  },
  {
    "id": "027b80e3-f1c4-422e-93b9-1d78b06cb4c9",
    "data": [
      {
        "text": "想談戀愛",
        "userDefined": false
      }
    ],
    "isTemplate": false,
    "count": 0,
    "lang": "zh-tw",
    "updated": 0
  }
]