[
  {
    "id": "e4c3a9c3-7ffc-4d40-abf9-ca234f18fa60",
    "data": [
      {
        "text": "這附近有",
        "userDefined": false
      },
      {
        "text": "什麼餐廳",
        "meta": "@sys.ignore",
        "userDefined": false
      },
      {
        "text": "嗎？",
        "userDefined": false
      }
    ],
    "isTemplate": false,
    "count": 0,
    "lang": "zh-tw",
    "updated": 0
  },
  {
    "id": "3c35cd51-333a-4762-a2ab-7817a11f864e",
    "data": [
      {
        "text": "附近吃啥",
        "userDefined": false
      }
    ],
    "isTemplate": false,
    "count": 0,
    "lang": "zh-tw",
    "updated": 0
  },
  {
    "id": "71533110-2f2d-4b5a-8abd-47be99a96288",
    "data": [
      {
        "text": "附近",
        "userDefined": false
      },
      {
        "text": "的餐廳",
        "meta": "@sys.ignore",
        "userDefined": false
      }
    ],
    "isTemplate": false,
    "count": 0,
    "lang": "zh-tw",
    "updated": 0
  },
  {
    "id": "4bcc8477-a936-4aae-848e-6d165cb0c721",
    "data": [
      {
        "text": "哪些店家好吃",
        "userDefined": false
      }
    ],
    "isTemplate": false,
    "count": 0,
    "lang": "zh-tw",
    "updated": 0
  },
  {
    "id": "64565136-3a16-4c28-83a1-f922d86dfd41",
    "data": [
      {
        "text": "不知道這附近有什麼店家",
        "userDefined": false
      }
    ],
    "isTemplate": false,
    "count": 0,
    "lang": "zh-tw",
    "updated": 0
  },
  {
    "id": "e759a69d-73a3-4a02-9835-836907a28738",
    "data": [
      {
        "text": "旁邊有什麼好吃的嗎",
        "userDefined": false
      }
    ],
    "isTemplate": false,
    "count": 0,
    "lang": "zh-tw",
    "updated": 0
  },
  {
    "id": "2b091476-f608-418c-90d3-3a069cdb2443",
    "data": [
      {
        "text": "附近有什麼吃的",
        "userDefined": false
      }
    ],
    "isTemplate": false,
    "count": 0,
    "lang": "zh-tw",
    "updated": 0
  },
  {
    "id": "a8eb3c69-d9c4-44cc-9571-ef3b9fc7a9b2",
    "data": [
      {
        "text": "附近有",
        "userDefined": false
      },
      {
        "text": "什麼餐廳",
        "meta": "@sys.ignore",
        "userDefined": false
      }
    ],
    "isTemplate": false,
    "count": 0,
    "lang": "zh-tw",
    "updated": 0
  }
]