[
  {
    "id": "9bd16098-2dd8-4ea8-9a60-02259955a1c0",
    "data": [
      {
        "text": "95",
        "meta": "@gasoline",
        "alias": "gasoline",
        "userDefined": false
      },
      {
        "text": "目前",
        "meta": "@sys.date-time",
        "alias": "date-time",
        "userDefined": false
      },
      {
        "text": "價格",
        "userDefined": false
      }
    ],
    "isTemplate": false,
    "count": 0,
    "lang": "zh-tw",
    "updated": 0
  },
  {
    "id": "cb78dde9-cd58-4cf3-b797-eb76785cdee4",
    "data": [
      {
        "text": "92",
        "meta": "@gasoline",
        "alias": "gasoline",
        "userDefined": false
      },
      {
        "text": "今天",
        "meta": "@sys.date-time",
        "alias": "date-time",
        "userDefined": false
      },
      {
        "text": "多少",
        "userDefined": false
      }
    ],
    "isTemplate": false,
    "count": 0,
    "lang": "zh-tw",
    "updated": 0
  },
  {
    "id": "4f15ab16-2407-4c89-900e-dd67caae3151",
    "data": [
      {
        "text": "98",
        "meta": "@gasoline",
        "alias": "gasoline",
        "userDefined": false
      },
      {
        "text": "現在",
        "meta": "@sys.date-time",
        "alias": "date-time",
        "userDefined": false
      },
      {
        "text": "價格多少",
        "userDefined": false
      }
    ],
    "isTemplate": false,
    "count": 0,
    "lang": "zh-tw",
    "updated": 0
  },
  {
    "id": "87daa33f-8033-4166-9816-7aa6adb74102",
    "data": [
      {
        "text": "汽柴油",
        "meta": "@gasoline",
        "alias": "gasoline",
        "userDefined": false
      },
      {
        "text": "油價",
        "userDefined": false
      },
      {
        "text": "現在",
        "meta": "@sys.date-time",
        "alias": "date-time",
        "userDefined": false
      },
      {
        "text": "是多少",
        "userDefined": false
      }
    ],
    "isTemplate": false,
    "count": 0,
    "lang": "zh-tw",
    "updated": 0
  },
  {
    "id": "d0b70ca5-0286-4d00-a891-8c2953b69e26",
    "data": [
      {
        "text": "油價查詢",
        "userDefined": false
      }
    ],
    "isTemplate": false,
    "count": 0,
    "lang": "zh-tw",
    "updated": 0
  },
  {
    "id": "331c4bf9-d086-421d-af0b-507b674991a3",
    "data": [
      {
        "text": "下週",
        "meta": "@sys.date-time",
        "alias": "date-time",
        "userDefined": false
      },
      {
        "text": "油價調漲多少",
        "userDefined": false
      }
    ],
    "isTemplate": false,
    "count": 0,
    "lang": "zh-tw",
    "updated": 0
  },
  {
    "id": "ec08c2ce-75df-45da-8507-8a59e124df52",
    "data": [
      {
        "text": "下週",
        "meta": "@sys.date-time",
        "alias": "date-time",
        "userDefined": false
      },
      {
        "text": "汽油",
        "meta": "@gasoline",
        "alias": "gasoline",
        "userDefined": false
      },
      {
        "text": "會漲價嗎？",
        "userDefined": false
      }
    ],
    "isTemplate": false,
    "count": 0,
    "lang": "zh-tw",
    "updated": 0
  },
  {
    "id": "f1af90d8-5895-47fb-bbd4-ccbc3c27814c",
    "data": [
      {
        "text": "下週",
        "meta": "@sys.date-time",
        "alias": "date-time",
        "userDefined": false
      },
      {
        "text": "油價多少",
        "userDefined": false
      }
    ],
    "isTemplate": false,
    "count": 0,
    "lang": "zh-tw",
    "updated": 0
  },
  {
    "id": "8efaacc8-46fe-4905-87fa-c3e76f440349",
    "data": [
      {
        "text": "今天",
        "meta": "@sys.date-time",
        "alias": "date-time",
        "userDefined": false
      },
      {
        "text": "油價多少",
        "userDefined": false
      }
    ],
    "isTemplate": false,
    "count": 0,
    "lang": "zh-tw",
    "updated": 0
  },
  {
    "id": "7097349e-5b1b-4725-be16-b49729c592d5",
    "data": [
      {
        "text": "95汽油",
        "meta": "@gasoline",
        "alias": "gasoline",
        "userDefined": false
      },
      {
        "text": "要多少",
        "userDefined": false
      }
    ],
    "isTemplate": false,
    "count": 0,
    "lang": "zh-tw",
    "updated": 0
  },
  {
    "id": "7d09e4e1-0fbf-4aa8-9e29-870fa257589d",
    "data": [
      {
        "text": "92汽油",
        "meta": "@gasoline",
        "alias": "gasoline",
        "userDefined": false
      },
      {
        "text": "多少錢",
        "userDefined": false
      }
    ],
    "isTemplate": false,
    "count": 0,
    "lang": "zh-tw",
    "updated": 0
  }
]