[
  {
    "value": "今天",
    "synonyms": [
      "今天",
      "今日",
      "下午",
      "晚上",
      "早上",
      "今天早上",
      "今天下午",
      "今天晚上",
      "半夜",
      "今天半夜"
    ]
  },
  {
    "value": "明天",
    "synonyms": [
      "明天",
      "隔天",
      "隔日"
    ]
  },
  {
    "value": "後天",
    "synonyms": [
      "後天"
    ]
  },
  {
    "value": "假日",
    "synonyms": [
      "六日",
      "休息日",
      "週末",
      "假日",
      "休假日",
      "週六週日"
    ]
  },
  {
    "value": "這週",
    "synonyms": [
      "這週",
      "這禮拜",
      "這個禮拜",
      "這星期"
    ]
  },
  {
    "value": "週一",
    "synonyms": [
      "禮拜一",
      "週一",
      "星期一"
    ]
  },
  {
    "value": "週二",
    "synonyms": [
      "週二",
      "禮拜二",
      "星期二"
    ]
  },
  {
    "value": "週三",
    "synonyms": [
      "週三",
      "禮拜三",
      "星期三"
    ]
  },
  {
    "value": "週四",
    "synonyms": [
      "週四",
      "禮拜四",
      "星期四"
    ]
  },
  {
    "value": "週五",
    "synonyms": [
      "週五",
      "禮拜五",
      "星期五",
      "最後一天上班日"
    ]
  },
  {
    "value": "週六",
    "synonyms": [
      "週六",
      "禮拜六",
      "星期六"
    ]
  },
  {
    "value": "週日",
    "synonyms": [
      "週日",
      "禮拜日",
      "星期日",
      "星期天",
      "禮拜天"
    ]
  },
  {
    "value": "平日",
    "synonyms": [
      "平日",
      "上班日",
      "工作日",
      "週一到週五"
    ]
  },
  {
    "value": "明後天",
    "synonyms": [
      "明後天",
      "明天後天",
      "明天跟後天",
      "明天和後天",
      "明天還有後天",
      "明天與後天",
      "明後兩天"
    ]
  },
  {
    "value": "今明天",
    "synonyms": [
      "今明天",
      "今明兩天",
      "今天跟明天",
      "今天還有明天",
      "今天和明天",
      "今天與明天",
      "這兩天",
      "這一兩天"
    ]
  },
  {
    "value": "今明後天",
    "synonyms": [
      "今明後天",
      "這兩三天",
      "這幾天",
      "這幾日"
    ]
  }
]