[
  {
    "value": "汽油",
    "synonyms": [
      "汽油",
      "無鉛汽油"
    ]
  },
  {
    "value": "中油",
    "synonyms": [
      "中油"
    ]
  },
  {
    "value": "柴油",
    "synonyms": [
      "柴油"
    ]
  },
  {
    "value": "汽柴油",
    "synonyms": [
      "汽柴油"
    ]
  },
  {
    "value": "92無鉛汽油",
    "synonyms": [
      "92無鉛汽油",
      "92汽油",
      "92"
    ]
  },
  {
    "value": "95無鉛汽油",
    "synonyms": [
      "95無鉛汽油",
      "95汽油",
      "95"
    ]
  },
  {
    "value": "98無鉛汽油9",
    "synonyms": [
      "98無鉛汽油",
      "98汽油",
      "98"
    ]
  }
]