[
  {
    "value": "臺北市,中正區",
    "synonyms": [
      "中正區",
      "中正",
      "臺北市中正區",
      "臺北中正區",
      "臺北中正",
      "臺北市中正",
      "台北市中正區",
      "台北中正區",
      "台北中正",
      "台北市中正",
      "台北",
      "台北市",
      "臺北",
      "臺北市"
    ]
  },
  {
    "value": "臺北市,大同區",
    "synonyms": [
      "大同區",
      "大同",
      "臺北市大同區",
      "臺北大同區",
      "臺北大同",
      "臺北市大同",
      "台北市大同區",
      "台北大同區",
      "台北大同",
      "台北市大同"
    ]
  },
  {
    "value": "臺北市,中山區",
    "synonyms": [
      "中山區",
      "中山",
      "臺北市中山區",
      "臺北中山區",
      "臺北中山",
      "臺北市中山",
      "台北市中山區",
      "台北中山區",
      "台北中山",
      "台北市中山"
    ]
  },
  {
    "value": "臺北市,松山區",
    "synonyms": [
      "松山區",
      "松山",
      "臺北市松山區",
      "臺北松山區",
      "臺北松山",
      "臺北市松山",
      "台北市松山區",
      "台北松山區",
      "台北松山",
      "台北市松山"
    ]
  },
  {
    "value": "臺北市,大安區",
    "synonyms": [
      "大安區",
      "大安",
      "臺北市大安區",
      "臺北大安區",
      "臺北大安",
      "臺北市大安",
      "台北市大安區",
      "台北大安區",
      "台北大安",
      "台北市大安"
    ]
  },
  {
    "value": "臺北市,萬華區",
    "synonyms": [
      "萬華區",
      "萬華",
      "臺北市萬華區",
      "臺北萬華區",
      "臺北萬華",
      "臺北市萬華",
      "台北市萬華區",
      "台北萬華區",
      "台北萬華",
      "台北市萬華"
    ]
  },
  {
    "value": "臺北市,信義區",
    "synonyms": [
      "信義區",
      "信義",
      "臺北市信義區",
      "臺北信義區",
      "臺北信義",
      "臺北市信義",
      "台北市信義區",
      "台北信義區",
      "台北信義",
      "台北市信義"
    ]
  },
  {
    "value": "臺北市,士林區",
    "synonyms": [
      "士林區",
      "士林",
      "臺北市士林區",
      "臺北士林區",
      "臺北士林",
      "臺北市士林",
      "台北市士林區",
      "台北士林區",
      "台北士林",
      "台北市士林"
    ]
  },
  {
    "value": "臺北市,北投區",
    "synonyms": [
      "北投區",
      "北投",
      "臺北市北投區",
      "臺北北投區",
      "臺北北投",
      "臺北市北投",
      "台北市北投區",
      "台北北投區",
      "台北北投",
      "台北市北投"
    ]
  },
  {
    "value": "臺北市,內湖區",
    "synonyms": [
      "內湖區",
      "內湖",
      "臺北市內湖區",
      "臺北內湖區",
      "臺北內湖",
      "臺北市內湖",
      "台北市內湖區",
      "台北內湖區",
      "台北內湖",
      "台北市內湖"
    ]
  },
  {
    "value": "臺北市,南港區",
    "synonyms": [
      "南港區",
      "南港",
      "臺北市南港區",
      "臺北南港區",
      "臺北南港",
      "臺北市南港",
      "台北市南港區",
      "台北南港區",
      "台北南港",
      "台北市南港"
    ]
  },
  {
    "value": "臺北市,文山區",
    "synonyms": [
      "文山區",
      "文山",
      "臺北市文山區",
      "臺北文山區",
      "臺北文山",
      "臺北市文山",
      "台北市文山區",
      "台北文山區",
      "台北文山",
      "台北市文山"
    ]
  },
  {
    "value": "基隆市,仁愛區",
    "synonyms": [
      "仁愛區",
      "仁愛",
      "基隆市仁愛區",
      "基隆仁愛區",
      "基隆仁愛",
      "基隆市仁愛",
      "基隆",
      "基隆市"
    ]
  },
  {
    "value": "基隆市,信義區",
    "synonyms": [
      "信義區",
      "信義",
      "基隆市信義區",
      "基隆信義區",
      "基隆信義",
      "基隆市信義"
    ]
  },
  {
    "value": "基隆市,中正區",
    "synonyms": [
      "中正區",
      "中正",
      "基隆市中正區",
      "基隆中正區",
      "基隆中正",
      "基隆市中正"
    ]
  },
  {
    "value": "基隆市,中山區",
    "synonyms": [
      "中山區",
      "中山",
      "基隆市中山區",
      "基隆中山區",
      "基隆中山",
      "基隆市中山"
    ]
  },
  {
    "value": "基隆市,安樂區",
    "synonyms": [
      "安樂區",
      "安樂",
      "基隆市安樂區",
      "基隆安樂區",
      "基隆安樂",
      "基隆市安樂"
    ]
  },
  {
    "value": "基隆市,暖暖區",
    "synonyms": [
      "暖暖區",
      "暖暖",
      "基隆市暖暖區",
      "基隆暖暖區",
      "基隆暖暖",
      "基隆市暖暖"
    ]
  },
  {
    "value": "基隆市,七堵區",
    "synonyms": [
      "七堵區",
      "七堵",
      "基隆市七堵區",
      "基隆七堵區",
      "基隆七堵",
      "基隆市七堵"
    ]
  },
  {
    "value": "新北市,萬里區",
    "synonyms": [
      "萬里區",
      "萬里",
      "新北市萬里區",
      "新北萬里區",
      "新北萬里",
      "新北市萬里"
    ]
  },
  {
    "value": "新北市,金山區",
    "synonyms": [
      "金山區",
      "金山",
      "新北市金山區",
      "新北金山區",
      "新北金山",
      "新北市金山"
    ]
  },
  {
    "value": "新北市,板橋區",
    "synonyms": [
      "板橋區",
      "板橋",
      "新北市板橋區",
      "新北板橋區",
      "新北板橋",
      "新北市板橋",
      "新北",
      "新北市"
    ]
  },
  {
    "value": "新北市,汐止區",
    "synonyms": [
      "汐止區",
      "汐止",
      "新北市汐止區",
      "新北汐止區",
      "新北汐止",
      "新北市汐止"
    ]
  },
  {
    "value": "新北市,深坑區",
    "synonyms": [
      "深坑區",
      "深坑",
      "新北市深坑區",
      "新北深坑區",
      "新北深坑",
      "新北市深坑"
    ]
  },
  {
    "value": "新北市,石碇區",
    "synonyms": [
      "石碇區",
      "石碇",
      "新北市石碇區",
      "新北石碇區",
      "新北石碇",
      "新北市石碇"
    ]
  },
  {
    "value": "新北市,瑞芳區",
    "synonyms": [
      "瑞芳區",
      "瑞芳",
      "新北市瑞芳區",
      "新北瑞芳區",
      "新北瑞芳",
      "新北市瑞芳"
    ]
  },
  {
    "value": "新北市,平溪區",
    "synonyms": [
      "平溪區",
      "平溪",
      "新北市平溪區",
      "新北平溪區",
      "新北平溪",
      "新北市平溪"
    ]
  },
  {
    "value": "新北市,雙溪區",
    "synonyms": [
      "雙溪區",
      "雙溪",
      "新北市雙溪區",
      "新北雙溪區",
      "新北雙溪",
      "新北市雙溪"
    ]
  },
  {
    "value": "新北市,貢寮區",
    "synonyms": [
      "貢寮區",
      "貢寮",
      "新北市貢寮區",
      "新北貢寮區",
      "新北貢寮",
      "新北市貢寮"
    ]
  },
  {
    "value": "新北市,新店區",
    "synonyms": [
      "新店區",
      "新店",
      "新北市新店區",
      "新北新店區",
      "新北新店",
      "新北市新店"
    ]
  },
  {
    "value": "新北市,坪林區",
    "synonyms": [
      "坪林區",
      "坪林",
      "新北市坪林區",
      "新北坪林區",
      "新北坪林",
      "新北市坪林"
    ]
  },
  {
    "value": "新北市,烏來區",
    "synonyms": [
      "烏來區",
      "烏來",
      "新北市烏來區",
      "新北烏來區",
      "新北烏來",
      "新北市烏來"
    ]
  },
  {
    "value": "新北市,永和區",
    "synonyms": [
      "永和區",
      "永和",
      "新北市永和區",
      "新北永和區",
      "新北永和",
      "新北市永和"
    ]
  },
  {
    "value": "新北市,中和區",
    "synonyms": [
      "中和區",
      "中和",
      "新北市中和區",
      "新北中和區",
      "新北中和",
      "新北市中和"
    ]
  },
  {
    "value": "新北市,土城區",
    "synonyms": [
      "土城區",
      "土城",
      "新北市土城區",
      "新北土城區",
      "新北土城",
      "新北市土城"
    ]
  },
  {
    "value": "新北市,三峽區",
    "synonyms": [
      "三峽區",
      "三峽",
      "新北市三峽區",
      "新北三峽區",
      "新北三峽",
      "新北市三峽"
    ]
  },
  {
    "value": "新北市,樹林區",
    "synonyms": [
      "樹林區",
      "樹林",
      "新北市樹林區",
      "新北樹林區",
      "新北樹林",
      "新北市樹林"
    ]
  },
  {
    "value": "新北市,鶯歌區",
    "synonyms": [
      "鶯歌區",
      "鶯歌",
      "新北市鶯歌區",
      "新北鶯歌區",
      "新北鶯歌",
      "新北市鶯歌"
    ]
  },
  {
    "value": "新北市,三重區",
    "synonyms": [
      "三重區",
      "三重",
      "新北市三重區",
      "新北三重區",
      "新北三重",
      "新北市三重"
    ]
  },
  {
    "value": "新北市,新莊區",
    "synonyms": [
      "新莊區",
      "新莊",
      "新北市新莊區",
      "新北新莊區",
      "新北新莊",
      "新北市新莊"
    ]
  },
  {
    "value": "新北市,泰山區",
    "synonyms": [
      "泰山區",
      "泰山",
      "新北市泰山區",
      "新北泰山區",
      "新北泰山",
      "新北市泰山"
    ]
  },
  {
    "value": "新北市,林口區",
    "synonyms": [
      "林口區",
      "林口",
      "新北市林口區",
      "新北林口區",
      "新北林口",
      "新北市林口"
    ]
  },
  {
    "value": "新北市,蘆洲區",
    "synonyms": [
      "蘆洲區",
      "蘆洲",
      "新北市蘆洲區",
      "新北蘆洲區",
      "新北蘆洲",
      "新北市蘆洲"
    ]
  },
  {
    "value": "新北市,五股區",
    "synonyms": [
      "五股區",
      "五股",
      "新北市五股區",
      "新北五股區",
      "新北五股",
      "新北市五股"
    ]
  },
  {
    "value": "新北市,八里區",
    "synonyms": [
      "八里區",
      "八里",
      "新北市八里區",
      "新北八里區",
      "新北八里",
      "新北市八里"
    ]
  },
  {
    "value": "新北市,淡水區",
    "synonyms": [
      "淡水區",
      "淡水",
      "新北市淡水區",
      "新北淡水區",
      "新北淡水",
      "新北市淡水"
    ]
  },
  {
    "value": "新北市,三芝區",
    "synonyms": [
      "三芝區",
      "三芝",
      "新北市三芝區",
      "新北三芝區",
      "新北三芝",
      "新北市三芝"
    ]
  },
  {
    "value": "新北市,石門區",
    "synonyms": [
      "石門區",
      "石門",
      "新北市石門區",
      "新北石門區",
      "新北石門",
      "新北市石門"
    ]
  },
  {
    "value": "連江縣,南竿鄉",
    "synonyms": [
      "南竿鄉",
      "南竿",
      "連江縣南竿鄉",
      "連江南竿鄉",
      "連江南竿",
      "連江縣南竿",
      "連江縣",
      "連江"
    ]
  },
  {
    "value": "連江縣,北竿鄉",
    "synonyms": [
      "北竿鄉",
      "北竿",
      "連江縣北竿鄉",
      "連江北竿鄉",
      "連江北竿",
      "連江縣北竿"
    ]
  },
  {
    "value": "連江縣,莒光鄉",
    "synonyms": [
      "莒光鄉",
      "莒光",
      "連江縣莒光鄉",
      "連江莒光鄉",
      "連江莒光",
      "連江縣莒光"
    ]
  },
  {
    "value": "連江縣,東引鄉",
    "synonyms": [
      "東引鄉",
      "東引",
      "連江縣東引鄉",
      "連江東引鄉",
      "連江東引",
      "連江縣東引"
    ]
  },
  {
    "value": "宜蘭縣,宜蘭市",
    "synonyms": [
      "宜蘭市",
      "宜蘭",
      "宜蘭縣宜蘭市",
      "宜蘭宜蘭市",
      "宜蘭宜蘭",
      "宜蘭縣宜蘭"
    ]
  },
  {
    "value": "宜蘭縣,壯圍鄉",
    "synonyms": [
      "壯圍鄉",
      "壯圍",
      "宜蘭縣壯圍鄉",
      "宜蘭壯圍鄉",
      "宜蘭壯圍",
      "宜蘭縣壯圍"
    ]
  },
  {
    "value": "宜蘭縣,頭城鎮",
    "synonyms": [
      "頭城鎮",
      "頭城",
      "宜蘭縣頭城鎮",
      "宜蘭頭城鎮",
      "宜蘭頭城",
      "宜蘭縣頭城"
    ]
  },
  {
    "value": "宜蘭縣,礁溪鄉",
    "synonyms": [
      "礁溪鄉",
      "礁溪",
      "宜蘭縣礁溪鄉",
      "宜蘭礁溪鄉",
      "宜蘭礁溪",
      "宜蘭縣礁溪"
    ]
  },
  {
    "value": "宜蘭縣,員山鄉",
    "synonyms": [
      "員山鄉",
      "員山",
      "宜蘭縣員山鄉",
      "宜蘭員山鄉",
      "宜蘭員山",
      "宜蘭縣員山"
    ]
  },
  {
    "value": "宜蘭縣,羅東鎮",
    "synonyms": [
      "羅東鎮",
      "羅東",
      "宜蘭縣羅東鎮",
      "宜蘭羅東鎮",
      "宜蘭羅東",
      "宜蘭縣羅東"
    ]
  },
  {
    "value": "宜蘭縣,三星鄉",
    "synonyms": [
      "三星鄉",
      "三星",
      "宜蘭縣三星鄉",
      "宜蘭三星鄉",
      "宜蘭三星",
      "宜蘭縣三星"
    ]
  },
  {
    "value": "宜蘭縣,大同鄉",
    "synonyms": [
      "大同鄉",
      "大同",
      "宜蘭縣大同鄉",
      "宜蘭大同鄉",
      "宜蘭大同",
      "宜蘭縣大同"
    ]
  },
  {
    "value": "宜蘭縣,五結鄉",
    "synonyms": [
      "五結鄉",
      "五結",
      "宜蘭縣五結鄉",
      "宜蘭五結鄉",
      "宜蘭五結",
      "宜蘭縣五結"
    ]
  },
  {
    "value": "宜蘭縣,冬山鄉",
    "synonyms": [
      "冬山鄉",
      "冬山",
      "宜蘭縣冬山鄉",
      "宜蘭冬山鄉",
      "宜蘭冬山",
      "宜蘭縣冬山"
    ]
  },
  {
    "value": "宜蘭縣,蘇澳鎮",
    "synonyms": [
      "蘇澳鎮",
      "蘇澳",
      "宜蘭縣蘇澳鎮",
      "宜蘭蘇澳鎮",
      "宜蘭蘇澳",
      "宜蘭縣蘇澳"
    ]
  },
  {
    "value": "宜蘭縣,南澳鄉",
    "synonyms": [
      "南澳鄉",
      "南澳",
      "宜蘭縣南澳鄉",
      "宜蘭南澳鄉",
      "宜蘭南澳",
      "宜蘭縣南澳"
    ]
  },
  {
    "value": "新竹市,東區",
    "synonyms": [
      "東區",
      "新竹市東區",
      "新竹東區"
    ]
  },
  {
    "value": "新竹市,北區",
    "synonyms": [
      "北區",
      "新竹市北區",
      "新竹北區",
      "新竹市",
      "新竹"
    ]
  },
  {
    "value": "新竹市,香山區",
    "synonyms": [
      "香山區",
      "香山",
      "新竹市香山區",
      "新竹香山區",
      "新竹香山",
      "新竹市香山"
    ]
  },
  {
    "value": "新竹縣,寶山鄉",
    "synonyms": [
      "寶山鄉",
      "寶山",
      "新竹縣寶山鄉",
      "新竹寶山鄉",
      "新竹寶山",
      "新竹縣寶山"
    ]
  },
  {
    "value": "新竹縣,竹北市",
    "synonyms": [
      "竹北市",
      "竹北",
      "新竹縣竹北市",
      "新竹竹北市",
      "新竹竹北",
      "新竹縣竹北",
      "新竹縣"
    ]
  },
  {
    "value": "新竹縣,湖口鄉",
    "synonyms": [
      "湖口鄉",
      "湖口",
      "新竹縣湖口鄉",
      "新竹湖口鄉",
      "新竹湖口",
      "新竹縣湖口"
    ]
  },
  {
    "value": "新竹縣,新豐鄉",
    "synonyms": [
      "新豐鄉",
      "新豐",
      "新竹縣新豐鄉",
      "新竹新豐鄉",
      "新竹新豐",
      "新竹縣新豐"
    ]
  },
  {
    "value": "新竹縣,新埔鎮",
    "synonyms": [
      "新埔鎮",
      "新埔",
      "新竹縣新埔鎮",
      "新竹新埔鎮",
      "新竹新埔",
      "新竹縣新埔"
    ]
  },
  {
    "value": "新竹縣,關西鎮",
    "synonyms": [
      "關西鎮",
      "關西",
      "新竹縣關西鎮",
      "新竹關西鎮",
      "新竹關西",
      "新竹縣關西"
    ]
  },
  {
    "value": "新竹縣,芎林鄉",
    "synonyms": [
      "芎林鄉",
      "芎林",
      "新竹縣芎林鄉",
      "新竹芎林鄉",
      "新竹芎林",
      "新竹縣芎林"
    ]
  },
  {
    "value": "新竹縣,竹東鎮",
    "synonyms": [
      "竹東鎮",
      "竹東",
      "新竹縣竹東鎮",
      "新竹竹東鎮",
      "新竹竹東",
      "新竹縣竹東"
    ]
  },
  {
    "value": "新竹縣,五峰鄉",
    "synonyms": [
      "五峰鄉",
      "五峰",
      "新竹縣五峰鄉",
      "新竹五峰鄉",
      "新竹五峰",
      "新竹縣五峰"
    ]
  },
  {
    "value": "新竹縣,橫山鄉",
    "synonyms": [
      "橫山鄉",
      "橫山",
      "新竹縣橫山鄉",
      "新竹橫山鄉",
      "新竹橫山",
      "新竹縣橫山"
    ]
  },
  {
    "value": "新竹縣,尖石鄉",
    "synonyms": [
      "尖石鄉",
      "尖石",
      "新竹縣尖石鄉",
      "新竹尖石鄉",
      "新竹尖石",
      "新竹縣尖石"
    ]
  },
  {
    "value": "新竹縣,北埔鄉",
    "synonyms": [
      "北埔鄉",
      "北埔",
      "新竹縣北埔鄉",
      "新竹北埔鄉",
      "新竹北埔",
      "新竹縣北埔"
    ]
  },
  {
    "value": "新竹縣,峨眉鄉",
    "synonyms": [
      "峨眉鄉",
      "峨眉",
      "新竹縣峨眉鄉",
      "新竹峨眉鄉",
      "新竹峨眉",
      "新竹縣峨眉"
    ]
  },
  {
    "value": "桃園市,中壢區",
    "synonyms": [
      "中壢區",
      "中壢",
      "桃園市中壢區",
      "桃園中壢區",
      "桃園中壢",
      "桃園市中壢"
    ]
  },
  {
    "value": "桃園市,平鎮區",
    "synonyms": [
      "平鎮區",
      "平鎮",
      "桃園市平鎮區",
      "桃園平鎮區",
      "桃園平鎮",
      "桃園市平鎮"
    ]
  },
  {
    "value": "桃園市,龍潭區",
    "synonyms": [
      "龍潭區",
      "龍潭",
      "桃園市龍潭區",
      "桃園龍潭區",
      "桃園龍潭",
      "桃園市龍潭"
    ]
  },
  {
    "value": "桃園市,楊梅區",
    "synonyms": [
      "楊梅區",
      "楊梅",
      "桃園市楊梅區",
      "桃園楊梅區",
      "桃園楊梅",
      "桃園市楊梅"
    ]
  },
  {
    "value": "桃園市,新屋區",
    "synonyms": [
      "新屋區",
      "新屋",
      "桃園市新屋區",
      "桃園新屋區",
      "桃園新屋",
      "桃園市新屋"
    ]
  },
  {
    "value": "桃園市,觀音區",
    "synonyms": [
      "觀音區",
      "觀音",
      "桃園市觀音區",
      "桃園觀音區",
      "桃園觀音",
      "桃園市觀音"
    ]
  },
  {
    "value": "桃園市,桃園區",
    "synonyms": [
      "桃園區",
      "桃園",
      "桃園市桃園區",
      "桃園桃園區",
      "桃園桃園",
      "桃園市桃園"
    ]
  },
  {
    "value": "桃園市,龜山區",
    "synonyms": [
      "龜山區",
      "龜山",
      "桃園市龜山區",
      "桃園龜山區",
      "桃園龜山",
      "桃園市龜山"
    ]
  },
  {
    "value": "桃園市,八德區",
    "synonyms": [
      "八德區",
      "八德",
      "桃園市八德區",
      "桃園八德區",
      "桃園八德",
      "桃園市八德"
    ]
  },
  {
    "value": "桃園市,大溪區",
    "synonyms": [
      "大溪區",
      "大溪",
      "桃園市大溪區",
      "桃園大溪區",
      "桃園大溪",
      "桃園市大溪"
    ]
  },
  {
    "value": "桃園市,復興區",
    "synonyms": [
      "復興區",
      "復興",
      "桃園市復興區",
      "桃園復興區",
      "桃園復興",
      "桃園市復興"
    ]
  },
  {
    "value": "桃園市,大園區",
    "synonyms": [
      "大園區",
      "大園",
      "桃園市大園區",
      "桃園大園區",
      "桃園大園",
      "桃園市大園"
    ]
  },
  {
    "value": "桃園市,蘆竹區",
    "synonyms": [
      "蘆竹區",
      "蘆竹",
      "桃園市蘆竹區",
      "桃園蘆竹區",
      "桃園蘆竹",
      "桃園市蘆竹"
    ]
  },
  {
    "value": "苗栗縣,竹南鎮",
    "synonyms": [
      "竹南鎮",
      "竹南",
      "苗栗縣竹南鎮",
      "苗栗竹南鎮",
      "苗栗竹南",
      "苗栗縣竹南"
    ]
  },
  {
    "value": "苗栗縣,頭份市",
    "synonyms": [
      "頭份市",
      "頭份",
      "苗栗縣頭份市",
      "苗栗頭份市",
      "苗栗頭份",
      "苗栗縣頭份"
    ]
  },
  {
    "value": "苗栗縣,三灣鄉",
    "synonyms": [
      "三灣鄉",
      "三灣",
      "苗栗縣三灣鄉",
      "苗栗三灣鄉",
      "苗栗三灣",
      "苗栗縣三灣"
    ]
  },
  {
    "value": "苗栗縣,南庄鄉",
    "synonyms": [
      "南庄鄉",
      "南庄",
      "苗栗縣南庄鄉",
      "苗栗南庄鄉",
      "苗栗南庄",
      "苗栗縣南庄"
    ]
  },
  {
    "value": "苗栗縣,獅潭鄉",
    "synonyms": [
      "獅潭鄉",
      "獅潭",
      "苗栗縣獅潭鄉",
      "苗栗獅潭鄉",
      "苗栗獅潭",
      "苗栗縣獅潭"
    ]
  },
  {
    "value": "苗栗縣,後龍鎮",
    "synonyms": [
      "後龍鎮",
      "後龍",
      "苗栗縣後龍鎮",
      "苗栗後龍鎮",
      "苗栗後龍",
      "苗栗縣後龍"
    ]
  },
  {
    "value": "苗栗縣,通霄鎮",
    "synonyms": [
      "通霄鎮",
      "通霄",
      "苗栗縣通霄鎮",
      "苗栗通霄鎮",
      "苗栗通霄",
      "苗栗縣通霄"
    ]
  },
  {
    "value": "苗栗縣,苑裡鎮",
    "synonyms": [
      "苑裡鎮",
      "苑裡",
      "苗栗縣苑裡鎮",
      "苗栗苑裡鎮",
      "苗栗苑裡",
      "苗栗縣苑裡"
    ]
  },
  {
    "value": "苗栗縣,苗栗市",
    "synonyms": [
      "苗栗市",
      "苗栗",
      "苗栗縣苗栗市",
      "苗栗苗栗市",
      "苗栗苗栗",
      "苗栗縣苗栗"
    ]
  },
  {
    "value": "苗栗縣,造橋鄉",
    "synonyms": [
      "造橋鄉",
      "造橋",
      "苗栗縣造橋鄉",
      "苗栗造橋鄉",
      "苗栗造橋",
      "苗栗縣造橋"
    ]
  },
  {
    "value": "苗栗縣,頭屋鄉",
    "synonyms": [
      "頭屋鄉",
      "頭屋",
      "苗栗縣頭屋鄉",
      "苗栗頭屋鄉",
      "苗栗頭屋",
      "苗栗縣頭屋"
    ]
  },
  {
    "value": "苗栗縣,公館鄉",
    "synonyms": [
      "公館鄉",
      "公館",
      "苗栗縣公館鄉",
      "苗栗公館鄉",
      "苗栗公館",
      "苗栗縣公館"
    ]
  },
  {
    "value": "苗栗縣,大湖鄉",
    "synonyms": [
      "大湖鄉",
      "大湖",
      "苗栗縣大湖鄉",
      "苗栗大湖鄉",
      "苗栗大湖",
      "苗栗縣大湖"
    ]
  },
  {
    "value": "苗栗縣,泰安鄉",
    "synonyms": [
      "泰安鄉",
      "泰安",
      "苗栗縣泰安鄉",
      "苗栗泰安鄉",
      "苗栗泰安",
      "苗栗縣泰安"
    ]
  },
  {
    "value": "苗栗縣,銅鑼鄉",
    "synonyms": [
      "銅鑼鄉",
      "銅鑼",
      "苗栗縣銅鑼鄉",
      "苗栗銅鑼鄉",
      "苗栗銅鑼",
      "苗栗縣銅鑼"
    ]
  },
  {
    "value": "苗栗縣,三義鄉",
    "synonyms": [
      "三義鄉",
      "三義",
      "苗栗縣三義鄉",
      "苗栗三義鄉",
      "苗栗三義",
      "苗栗縣三義"
    ]
  },
  {
    "value": "苗栗縣,西湖鄉",
    "synonyms": [
      "西湖鄉",
      "西湖",
      "苗栗縣西湖鄉",
      "苗栗西湖鄉",
      "苗栗西湖",
      "苗栗縣西湖"
    ]
  },
  {
    "value": "苗栗縣,卓蘭鎮",
    "synonyms": [
      "卓蘭鎮",
      "卓蘭",
      "苗栗縣卓蘭鎮",
      "苗栗卓蘭鎮",
      "苗栗卓蘭",
      "苗栗縣卓蘭"
    ]
  },
  {
    "value": "臺中市,中區",
    "synonyms": [
      "中區",
      "臺中市中區",
      "臺中中區",
      "台中市中區",
      "台中中區",
      "臺中市",
      "臺中",
      "台中市",
      "台中"
    ]
  },
  {
    "value": "臺中市,東區",
    "synonyms": [
      "東區",
      "臺中市東區",
      "臺中東區",
      "台中市東區",
      "台中東區"
    ]
  },
  {
    "value": "臺中市,南區",
    "synonyms": [
      "南區",
      "臺中市南區",
      "臺中南區",
      "台中市南區",
      "台中南區"
    ]
  },
  {
    "value": "臺中市,西區",
    "synonyms": [
      "西區",
      "臺中市西區",
      "臺中西區",
      "台中市西區",
      "台中西區"
    ]
  },
  {
    "value": "臺中市,北區",
    "synonyms": [
      "北區",
      "臺中市北區",
      "臺中北區",
      "台中市北區",
      "台中北區"
    ]
  },
  {
    "value": "臺中市,北屯區",
    "synonyms": [
      "北屯區",
      "北屯",
      "臺中市北屯區",
      "臺中北屯區",
      "臺中北屯",
      "臺中市北屯",
      "台中市北屯區",
      "台中北屯區",
      "台中北屯",
      "台中市北屯"
    ]
  },
  {
    "value": "臺中市,西屯區",
    "synonyms": [
      "西屯區",
      "西屯",
      "臺中市西屯區",
      "臺中西屯區",
      "臺中西屯",
      "臺中市西屯",
      "台中市西屯區",
      "台中西屯區",
      "台中西屯",
      "台中市西屯"
    ]
  },
  {
    "value": "臺中市,南屯區",
    "synonyms": [
      "南屯區",
      "南屯",
      "臺中市南屯區",
      "臺中南屯區",
      "臺中南屯",
      "臺中市南屯",
      "台中市南屯區",
      "台中南屯區",
      "台中南屯",
      "台中市南屯"
    ]
  },
  {
    "value": "臺中市,太平區",
    "synonyms": [
      "太平區",
      "太平",
      "臺中市太平區",
      "臺中太平區",
      "臺中太平",
      "臺中市太平",
      "台中市太平區",
      "台中太平區",
      "台中太平",
      "台中市太平"
    ]
  },
  {
    "value": "臺中市,大里區",
    "synonyms": [
      "大里區",
      "大里",
      "臺中市大里區",
      "臺中大里區",
      "臺中大里",
      "臺中市大里",
      "台中市大里區",
      "台中大里區",
      "台中大里",
      "台中市大里"
    ]
  },
  {
    "value": "臺中市,霧峰區",
    "synonyms": [
      "霧峰區",
      "霧峰",
      "臺中市霧峰區",
      "臺中霧峰區",
      "臺中霧峰",
      "臺中市霧峰",
      "台中市霧峰區",
      "台中霧峰區",
      "台中霧峰",
      "台中市霧峰"
    ]
  },
  {
    "value": "臺中市,烏日區",
    "synonyms": [
      "烏日區",
      "烏日",
      "臺中市烏日區",
      "臺中烏日區",
      "臺中烏日",
      "臺中市烏日",
      "台中市烏日區",
      "台中烏日區",
      "台中烏日",
      "台中市烏日"
    ]
  },
  {
    "value": "臺中市,豐原區",
    "synonyms": [
      "豐原區",
      "豐原",
      "臺中市豐原區",
      "臺中豐原區",
      "臺中豐原",
      "臺中市豐原",
      "台中市豐原區",
      "台中豐原區",
      "台中豐原",
      "台中市豐原"
    ]
  },
  {
    "value": "臺中市,后里區",
    "synonyms": [
      "后里區",
      "后里",
      "臺中市后里區",
      "臺中后里區",
      "臺中后里",
      "臺中市后里",
      "台中市后里區",
      "台中后里區",
      "台中后里",
      "台中市后里"
    ]
  },
  {
    "value": "臺中市,石岡區",
    "synonyms": [
      "石岡區",
      "石岡",
      "臺中市石岡區",
      "臺中石岡區",
      "臺中石岡",
      "臺中市石岡",
      "台中市石岡區",
      "台中石岡區",
      "台中石岡",
      "台中市石岡"
    ]
  },
  {
    "value": "臺中市,東勢區",
    "synonyms": [
      "東勢區",
      "東勢",
      "臺中市東勢區",
      "臺中東勢區",
      "臺中東勢",
      "臺中市東勢",
      "台中市東勢區",
      "台中東勢區",
      "台中東勢",
      "台中市東勢"
    ]
  },
  {
    "value": "臺中市,和平區",
    "synonyms": [
      "和平區",
      "和平",
      "臺中市和平區",
      "臺中和平區",
      "臺中和平",
      "臺中市和平",
      "台中市和平區",
      "台中和平區",
      "台中和平",
      "台中市和平"
    ]
  },
  {
    "value": "臺中市,新社區",
    "synonyms": [
      "新社區",
      "新社",
      "臺中市新社區",
      "臺中新社區",
      "臺中新社",
      "臺中市新社",
      "台中市新社區",
      "台中新社區",
      "台中新社",
      "台中市新社"
    ]
  },
  {
    "value": "臺中市,潭子區",
    "synonyms": [
      "潭子區",
      "潭子",
      "臺中市潭子區",
      "臺中潭子區",
      "臺中潭子",
      "臺中市潭子",
      "台中市潭子區",
      "台中潭子區",
      "台中潭子",
      "台中市潭子"
    ]
  },
  {
    "value": "臺中市,大雅區",
    "synonyms": [
      "大雅區",
      "大雅",
      "臺中市大雅區",
      "臺中大雅區",
      "臺中大雅",
      "臺中市大雅",
      "台中市大雅區",
      "台中大雅區",
      "台中大雅",
      "台中市大雅"
    ]
  },
  {
    "value": "臺中市,神岡區",
    "synonyms": [
      "神岡區",
      "神岡",
      "臺中市神岡區",
      "臺中神岡區",
      "臺中神岡",
      "臺中市神岡",
      "台中市神岡區",
      "台中神岡區",
      "台中神岡",
      "台中市神岡"
    ]
  },
  {
    "value": "臺中市,大肚區",
    "synonyms": [
      "大肚區",
      "大肚",
      "臺中市大肚區",
      "臺中大肚區",
      "臺中大肚",
      "臺中市大肚",
      "台中市大肚區",
      "台中大肚區",
      "台中大肚",
      "台中市大肚"
    ]
  },
  {
    "value": "臺中市,沙鹿區",
    "synonyms": [
      "沙鹿區",
      "沙鹿",
      "臺中市沙鹿區",
      "臺中沙鹿區",
      "臺中沙鹿",
      "臺中市沙鹿",
      "台中市沙鹿區",
      "台中沙鹿區",
      "台中沙鹿",
      "台中市沙鹿"
    ]
  },
  {
    "value": "臺中市,龍井區",
    "synonyms": [
      "龍井區",
      "龍井",
      "臺中市龍井區",
      "臺中龍井區",
      "臺中龍井",
      "臺中市龍井",
      "台中市龍井區",
      "台中龍井區",
      "台中龍井",
      "台中市龍井"
    ]
  },
  {
    "value": "臺中市,梧棲區",
    "synonyms": [
      "梧棲區",
      "梧棲",
      "臺中市梧棲區",
      "臺中梧棲區",
      "臺中梧棲",
      "臺中市梧棲",
      "台中市梧棲區",
      "台中梧棲區",
      "台中梧棲",
      "台中市梧棲"
    ]
  },
  {
    "value": "臺中市,清水區",
    "synonyms": [
      "清水區",
      "清水",
      "臺中市清水區",
      "臺中清水區",
      "臺中清水",
      "臺中市清水",
      "台中市清水區",
      "台中清水區",
      "台中清水",
      "台中市清水"
    ]
  },
  {
    "value": "臺中市,大甲區",
    "synonyms": [
      "大甲區",
      "大甲",
      "臺中市大甲區",
      "臺中大甲區",
      "臺中大甲",
      "臺中市大甲",
      "台中市大甲區",
      "台中大甲區",
      "台中大甲",
      "台中市大甲"
    ]
  },
  {
    "value": "臺中市,外埔區",
    "synonyms": [
      "外埔區",
      "外埔",
      "臺中市外埔區",
      "臺中外埔區",
      "臺中外埔",
      "臺中市外埔",
      "台中市外埔區",
      "台中外埔區",
      "台中外埔",
      "台中市外埔"
    ]
  },
  {
    "value": "臺中市,大安區",
    "synonyms": [
      "大安區",
      "大安",
      "臺中市大安區",
      "臺中大安區",
      "臺中大安",
      "臺中市大安",
      "台中市大安區",
      "台中大安區",
      "台中大安",
      "台中市大安"
    ]
  },
  {
    "value": "彰化縣,彰化市",
    "synonyms": [
      "彰化市",
      "彰化",
      "彰化縣彰化市",
      "彰化彰化市",
      "彰化彰化",
      "彰化縣彰化"
    ]
  },
  {
    "value": "彰化縣,芬園鄉",
    "synonyms": [
      "芬園鄉",
      "芬園",
      "彰化縣芬園鄉",
      "彰化芬園鄉",
      "彰化芬園",
      "彰化縣芬園"
    ]
  },
  {
    "value": "彰化縣,花壇鄉",
    "synonyms": [
      "花壇鄉",
      "花壇",
      "彰化縣花壇鄉",
      "彰化花壇鄉",
      "彰化花壇",
      "彰化縣花壇"
    ]
  },
  {
    "value": "彰化縣,秀水鄉",
    "synonyms": [
      "秀水鄉",
      "秀水",
      "彰化縣秀水鄉",
      "彰化秀水鄉",
      "彰化秀水",
      "彰化縣秀水"
    ]
  },
  {
    "value": "彰化縣,鹿港鎮",
    "synonyms": [
      "鹿港鎮",
      "鹿港",
      "彰化縣鹿港鎮",
      "彰化鹿港鎮",
      "彰化鹿港",
      "彰化縣鹿港"
    ]
  },
  {
    "value": "彰化縣,福興鄉",
    "synonyms": [
      "福興鄉",
      "福興",
      "彰化縣福興鄉",
      "彰化福興鄉",
      "彰化福興",
      "彰化縣福興"
    ]
  },
  {
    "value": "彰化縣,線西鄉",
    "synonyms": [
      "線西鄉",
      "線西",
      "彰化縣線西鄉",
      "彰化線西鄉",
      "彰化線西",
      "彰化縣線西"
    ]
  },
  {
    "value": "彰化縣,和美鎮",
    "synonyms": [
      "和美鎮",
      "和美",
      "彰化縣和美鎮",
      "彰化和美鎮",
      "彰化和美",
      "彰化縣和美"
    ]
  },
  {
    "value": "彰化縣,伸港鄉",
    "synonyms": [
      "伸港鄉",
      "伸港",
      "彰化縣伸港鄉",
      "彰化伸港鄉",
      "彰化伸港",
      "彰化縣伸港"
    ]
  },
  {
    "value": "彰化縣,員林市",
    "synonyms": [
      "員林市",
      "員林",
      "彰化縣員林市",
      "彰化員林市",
      "彰化員林",
      "彰化縣員林"
    ]
  },
  {
    "value": "彰化縣,社頭鄉",
    "synonyms": [
      "社頭鄉",
      "社頭",
      "彰化縣社頭鄉",
      "彰化社頭鄉",
      "彰化社頭",
      "彰化縣社頭"
    ]
  },
  {
    "value": "彰化縣,永靖鄉",
    "synonyms": [
      "永靖鄉",
      "永靖",
      "彰化縣永靖鄉",
      "彰化永靖鄉",
      "彰化永靖",
      "彰化縣永靖"
    ]
  },
  {
    "value": "彰化縣,埔心鄉",
    "synonyms": [
      "埔心鄉",
      "埔心",
      "彰化縣埔心鄉",
      "彰化埔心鄉",
      "彰化埔心",
      "彰化縣埔心"
    ]
  },
  {
    "value": "彰化縣,溪湖鎮",
    "synonyms": [
      "溪湖鎮",
      "溪湖",
      "彰化縣溪湖鎮",
      "彰化溪湖鎮",
      "彰化溪湖",
      "彰化縣溪湖"
    ]
  },
  {
    "value": "彰化縣,大村鄉",
    "synonyms": [
      "大村鄉",
      "大村",
      "彰化縣大村鄉",
      "彰化大村鄉",
      "彰化大村",
      "彰化縣大村"
    ]
  },
  {
    "value": "彰化縣,埔鹽鄉",
    "synonyms": [
      "埔鹽鄉",
      "埔鹽",
      "彰化縣埔鹽鄉",
      "彰化埔鹽鄉",
      "彰化埔鹽",
      "彰化縣埔鹽"
    ]
  },
  {
    "value": "彰化縣,田中鎮",
    "synonyms": [
      "田中鎮",
      "田中",
      "彰化縣田中鎮",
      "彰化田中鎮",
      "彰化田中",
      "彰化縣田中"
    ]
  },
  {
    "value": "彰化縣,北斗鎮",
    "synonyms": [
      "北斗鎮",
      "北斗",
      "彰化縣北斗鎮",
      "彰化北斗鎮",
      "彰化北斗",
      "彰化縣北斗"
    ]
  },
  {
    "value": "彰化縣,田尾鄉",
    "synonyms": [
      "田尾鄉",
      "田尾",
      "彰化縣田尾鄉",
      "彰化田尾鄉",
      "彰化田尾",
      "彰化縣田尾"
    ]
  },
  {
    "value": "彰化縣,埤頭鄉",
    "synonyms": [
      "埤頭鄉",
      "埤頭",
      "彰化縣埤頭鄉",
      "彰化埤頭鄉",
      "彰化埤頭",
      "彰化縣埤頭"
    ]
  },
  {
    "value": "彰化縣,溪州鄉",
    "synonyms": [
      "溪州鄉",
      "溪州",
      "彰化縣溪州鄉",
      "彰化溪州鄉",
      "彰化溪州",
      "彰化縣溪州"
    ]
  },
  {
    "value": "彰化縣,竹塘鄉",
    "synonyms": [
      "竹塘鄉",
      "竹塘",
      "彰化縣竹塘鄉",
      "彰化竹塘鄉",
      "彰化竹塘",
      "彰化縣竹塘"
    ]
  },
  {
    "value": "彰化縣,二林鎮",
    "synonyms": [
      "二林鎮",
      "二林",
      "彰化縣二林鎮",
      "彰化二林鎮",
      "彰化二林",
      "彰化縣二林"
    ]
  },
  {
    "value": "彰化縣,大城鄉",
    "synonyms": [
      "大城鄉",
      "大城",
      "彰化縣大城鄉",
      "彰化大城鄉",
      "彰化大城",
      "彰化縣大城"
    ]
  },
  {
    "value": "彰化縣,芳苑鄉",
    "synonyms": [
      "芳苑鄉",
      "芳苑",
      "彰化縣芳苑鄉",
      "彰化芳苑鄉",
      "彰化芳苑",
      "彰化縣芳苑"
    ]
  },
  {
    "value": "彰化縣,二水鄉",
    "synonyms": [
      "二水鄉",
      "二水",
      "彰化縣二水鄉",
      "彰化二水鄉",
      "彰化二水",
      "彰化縣二水"
    ]
  },
  {
    "value": "南投縣,南投市",
    "synonyms": [
      "南投市",
      "南投",
      "南投縣南投市",
      "南投南投市",
      "南投南投",
      "南投縣南投"
    ]
  },
  {
    "value": "南投縣,中寮鄉",
    "synonyms": [
      "中寮鄉",
      "中寮",
      "南投縣中寮鄉",
      "南投中寮鄉",
      "南投中寮",
      "南投縣中寮"
    ]
  },
  {
    "value": "南投縣,草屯鎮",
    "synonyms": [
      "草屯鎮",
      "草屯",
      "南投縣草屯鎮",
      "南投草屯鎮",
      "南投草屯",
      "南投縣草屯"
    ]
  },
  {
    "value": "南投縣,國姓鄉",
    "synonyms": [
      "國姓鄉",
      "國姓",
      "南投縣國姓鄉",
      "南投國姓鄉",
      "南投國姓",
      "南投縣國姓"
    ]
  },
  {
    "value": "南投縣,埔里鎮",
    "synonyms": [
      "埔里鎮",
      "埔里",
      "南投縣埔里鎮",
      "南投埔里鎮",
      "南投埔里",
      "南投縣埔里"
    ]
  },
  {
    "value": "南投縣,仁愛鄉",
    "synonyms": [
      "仁愛鄉",
      "仁愛",
      "南投縣仁愛鄉",
      "南投仁愛鄉",
      "南投仁愛",
      "南投縣仁愛"
    ]
  },
  {
    "value": "南投縣,名間鄉",
    "synonyms": [
      "名間鄉",
      "名間",
      "南投縣名間鄉",
      "南投名間鄉",
      "南投名間",
      "南投縣名間"
    ]
  },
  {
    "value": "南投縣,集集鎮",
    "synonyms": [
      "集集鎮",
      "集集",
      "南投縣集集鎮",
      "南投集集鎮",
      "南投集集",
      "南投縣集集"
    ]
  },
  {
    "value": "南投縣,水里鄉",
    "synonyms": [
      "水里鄉",
      "水里",
      "南投縣水里鄉",
      "南投水里鄉",
      "南投水里",
      "南投縣水里"
    ]
  },
  {
    "value": "南投縣,魚池鄉",
    "synonyms": [
      "魚池鄉",
      "魚池",
      "南投縣魚池鄉",
      "南投魚池鄉",
      "南投魚池",
      "南投縣魚池"
    ]
  },
  {
    "value": "南投縣,信義鄉",
    "synonyms": [
      "信義鄉",
      "信義",
      "南投縣信義鄉",
      "南投信義鄉",
      "南投信義",
      "南投縣信義"
    ]
  },
  {
    "value": "南投縣,竹山鎮",
    "synonyms": [
      "竹山鎮",
      "竹山",
      "南投縣竹山鎮",
      "南投竹山鎮",
      "南投竹山",
      "南投縣竹山"
    ]
  },
  {
    "value": "南投縣,鹿谷鄉",
    "synonyms": [
      "鹿谷鄉",
      "鹿谷",
      "南投縣鹿谷鄉",
      "南投鹿谷鄉",
      "南投鹿谷",
      "南投縣鹿谷"
    ]
  },
  {
    "value": "嘉義市,西區",
    "synonyms": [
      "西區",
      "嘉義市西區",
      "嘉義西區",
      "嘉義市",
      "嘉義"
    ]
  },
  {
    "value": "嘉義市,東區",
    "synonyms": [
      "東區",
      "嘉義市東區",
      "嘉義東區"
    ]
  },
  {
    "value": "嘉義縣,番路鄉",
    "synonyms": [
      "番路鄉",
      "番路",
      "嘉義縣番路鄉",
      "嘉義番路鄉",
      "嘉義番路",
      "嘉義縣番路"
    ]
  },
  {
    "value": "嘉義縣,梅山鄉",
    "synonyms": [
      "梅山鄉",
      "梅山",
      "嘉義縣梅山鄉",
      "嘉義梅山鄉",
      "嘉義梅山",
      "嘉義縣梅山"
    ]
  },
  {
    "value": "嘉義縣,竹崎鄉",
    "synonyms": [
      "竹崎鄉",
      "竹崎",
      "嘉義縣竹崎鄉",
      "嘉義竹崎鄉",
      "嘉義竹崎",
      "嘉義縣竹崎"
    ]
  },
  {
    "value": "嘉義縣,阿里山鄉",
    "synonyms": [
      "阿里山鄉",
      "阿里山",
      "嘉義縣阿里山鄉",
      "嘉義阿里山鄉",
      "嘉義阿里山",
      "嘉義縣阿里山"
    ]
  },
  {
    "value": "嘉義縣,中埔鄉",
    "synonyms": [
      "中埔鄉",
      "中埔",
      "嘉義縣中埔鄉",
      "嘉義中埔鄉",
      "嘉義中埔",
      "嘉義縣中埔"
    ]
  },
  {
    "value": "嘉義縣,大埔鄉",
    "synonyms": [
      "大埔鄉",
      "大埔",
      "嘉義縣大埔鄉",
      "嘉義大埔鄉",
      "嘉義大埔",
      "嘉義縣大埔"
    ]
  },
  {
    "value": "嘉義縣,水上鄉",
    "synonyms": [
      "水上鄉",
      "水上",
      "嘉義縣水上鄉",
      "嘉義水上鄉",
      "嘉義水上",
      "嘉義縣水上"
    ]
  },
  {
    "value": "嘉義縣,鹿草鄉",
    "synonyms": [
      "鹿草鄉",
      "鹿草",
      "嘉義縣鹿草鄉",
      "嘉義鹿草鄉",
      "嘉義鹿草",
      "嘉義縣鹿草"
    ]
  },
  {
    "value": "嘉義縣,太保市",
    "synonyms": [
      "太保市",
      "太保",
      "嘉義縣太保市",
      "嘉義太保市",
      "嘉義太保",
      "嘉義縣太保",
      "嘉義縣"
    ]
  },
  {
    "value": "嘉義縣,朴子市",
    "synonyms": [
      "朴子市",
      "朴子",
      "嘉義縣朴子市",
      "嘉義朴子市",
      "嘉義朴子",
      "嘉義縣朴子"
    ]
  },
  {
    "value": "嘉義縣,東石鄉",
    "synonyms": [
      "東石鄉",
      "東石",
      "嘉義縣東石鄉",
      "嘉義東石鄉",
      "嘉義東石",
      "嘉義縣東石"
    ]
  },
  {
    "value": "嘉義縣,六腳鄉",
    "synonyms": [
      "六腳鄉",
      "六腳",
      "嘉義縣六腳鄉",
      "嘉義六腳鄉",
      "嘉義六腳",
      "嘉義縣六腳"
    ]
  },
  {
    "value": "嘉義縣,新港鄉",
    "synonyms": [
      "新港鄉",
      "新港",
      "嘉義縣新港鄉",
      "嘉義新港鄉",
      "嘉義新港",
      "嘉義縣新港"
    ]
  },
  {
    "value": "嘉義縣,民雄鄉",
    "synonyms": [
      "民雄鄉",
      "民雄",
      "嘉義縣民雄鄉",
      "嘉義民雄鄉",
      "嘉義民雄",
      "嘉義縣民雄"
    ]
  },
  {
    "value": "嘉義縣,大林鎮",
    "synonyms": [
      "大林鎮",
      "大林",
      "嘉義縣大林鎮",
      "嘉義大林鎮",
      "嘉義大林",
      "嘉義縣大林"
    ]
  },
  {
    "value": "嘉義縣,溪口鄉",
    "synonyms": [
      "溪口鄉",
      "溪口",
      "嘉義縣溪口鄉",
      "嘉義溪口鄉",
      "嘉義溪口",
      "嘉義縣溪口"
    ]
  },
  {
    "value": "嘉義縣,義竹鄉",
    "synonyms": [
      "義竹鄉",
      "義竹",
      "嘉義縣義竹鄉",
      "嘉義義竹鄉",
      "嘉義義竹",
      "嘉義縣義竹"
    ]
  },
  {
    "value": "嘉義縣,布袋鎮",
    "synonyms": [
      "布袋鎮",
      "布袋",
      "嘉義縣布袋鎮",
      "嘉義布袋鎮",
      "嘉義布袋",
      "嘉義縣布袋"
    ]
  },
  {
    "value": "雲林縣,斗南鎮",
    "synonyms": [
      "斗南鎮",
      "斗南",
      "雲林縣斗南鎮",
      "雲林斗南鎮",
      "雲林斗南",
      "雲林縣斗南"
    ]
  },
  {
    "value": "雲林縣,大埤鄉",
    "synonyms": [
      "大埤鄉",
      "大埤",
      "雲林縣大埤鄉",
      "雲林大埤鄉",
      "雲林大埤",
      "雲林縣大埤"
    ]
  },
  {
    "value": "雲林縣,虎尾鎮",
    "synonyms": [
      "虎尾鎮",
      "虎尾",
      "雲林縣虎尾鎮",
      "雲林虎尾鎮",
      "雲林虎尾",
      "雲林縣虎尾"
    ]
  },
  {
    "value": "雲林縣,土庫鎮",
    "synonyms": [
      "土庫鎮",
      "土庫",
      "雲林縣土庫鎮",
      "雲林土庫鎮",
      "雲林土庫",
      "雲林縣土庫"
    ]
  },
  {
    "value": "雲林縣,褒忠鄉",
    "synonyms": [
      "褒忠鄉",
      "褒忠",
      "雲林縣褒忠鄉",
      "雲林褒忠鄉",
      "雲林褒忠",
      "雲林縣褒忠"
    ]
  },
  {
    "value": "雲林縣,東勢鄉",
    "synonyms": [
      "東勢鄉",
      "東勢",
      "雲林縣東勢鄉",
      "雲林東勢鄉",
      "雲林東勢",
      "雲林縣東勢"
    ]
  },
  {
    "value": "雲林縣,臺西鄉",
    "synonyms": [
      "臺西鄉",
      "臺西",
      "雲林縣臺西鄉",
      "雲林臺西鄉",
      "雲林臺西",
      "雲林縣臺西"
    ]
  },
  {
    "value": "雲林縣,崙背鄉",
    "synonyms": [
      "崙背鄉",
      "崙背",
      "雲林縣崙背鄉",
      "雲林崙背鄉",
      "雲林崙背",
      "雲林縣崙背"
    ]
  },
  {
    "value": "雲林縣,麥寮鄉",
    "synonyms": [
      "麥寮鄉",
      "麥寮",
      "雲林縣麥寮鄉",
      "雲林麥寮鄉",
      "雲林麥寮",
      "雲林縣麥寮"
    ]
  },
  {
    "value": "雲林縣,斗六市",
    "synonyms": [
      "斗六市",
      "斗六",
      "雲林縣斗六市",
      "雲林斗六市",
      "雲林斗六",
      "雲林縣斗六",
      "雲林縣",
      "雲林"
    ]
  },
  {
    "value": "雲林縣,林內鄉",
    "synonyms": [
      "林內鄉",
      "林內",
      "雲林縣林內鄉",
      "雲林林內鄉",
      "雲林林內",
      "雲林縣林內"
    ]
  },
  {
    "value": "雲林縣,古坑鄉",
    "synonyms": [
      "古坑鄉",
      "古坑",
      "雲林縣古坑鄉",
      "雲林古坑鄉",
      "雲林古坑",
      "雲林縣古坑"
    ]
  },
  {
    "value": "雲林縣,莿桐鄉",
    "synonyms": [
      "莿桐鄉",
      "莿桐",
      "雲林縣莿桐鄉",
      "雲林莿桐鄉",
      "雲林莿桐",
      "雲林縣莿桐"
    ]
  },
  {
    "value": "雲林縣,西螺鎮",
    "synonyms": [
      "西螺鎮",
      "西螺",
      "雲林縣西螺鎮",
      "雲林西螺鎮",
      "雲林西螺",
      "雲林縣西螺"
    ]
  },
  {
    "value": "雲林縣,二崙鄉",
    "synonyms": [
      "二崙鄉",
      "二崙",
      "雲林縣二崙鄉",
      "雲林二崙鄉",
      "雲林二崙",
      "雲林縣二崙"
    ]
  },
  {
    "value": "雲林縣,北港鎮",
    "synonyms": [
      "北港鎮",
      "北港",
      "雲林縣北港鎮",
      "雲林北港鎮",
      "雲林北港",
      "雲林縣北港"
    ]
  },
  {
    "value": "雲林縣,水林鄉",
    "synonyms": [
      "水林鄉",
      "水林",
      "雲林縣水林鄉",
      "雲林水林鄉",
      "雲林水林",
      "雲林縣水林"
    ]
  },
  {
    "value": "雲林縣,口湖鄉",
    "synonyms": [
      "口湖鄉",
      "口湖",
      "雲林縣口湖鄉",
      "雲林口湖鄉",
      "雲林口湖",
      "雲林縣口湖"
    ]
  },
  {
    "value": "雲林縣,四湖鄉",
    "synonyms": [
      "四湖鄉",
      "四湖",
      "雲林縣四湖鄉",
      "雲林四湖鄉",
      "雲林四湖",
      "雲林縣四湖"
    ]
  },
  {
    "value": "雲林縣,元長鄉",
    "synonyms": [
      "元長鄉",
      "元長",
      "雲林縣元長鄉",
      "雲林元長鄉",
      "雲林元長",
      "雲林縣元長"
    ]
  },
  {
    "value": "臺南市,中西區",
    "synonyms": [
      "中西區",
      "中西",
      "臺南市中西區",
      "臺南中西區",
      "臺南中西",
      "臺南市中西",
      "台南市中西區",
      "台南中西區",
      "台南中西",
      "台南市中西"
    ]
  },
  {
    "value": "臺南市,東區",
    "synonyms": [
      "東區",
      "臺南市東區",
      "臺南東區",
      "台南市東區",
      "台南東區",
      "臺南市",
      "臺南",
      "台南市",
      "台南"
    ]
  },
  {
    "value": "臺南市,南區",
    "synonyms": [
      "南區",
      "臺南市南區",
      "臺南南區",
      "台南市南區",
      "台南南區"
    ]
  },
  {
    "value": "臺南市,北區",
    "synonyms": [
      "北區",
      "臺南市北區",
      "臺南北區",
      "台南市北區",
      "台南北區"
    ]
  },
  {
    "value": "臺南市,安平區",
    "synonyms": [
      "安平區",
      "安平",
      "臺南市安平區",
      "臺南安平區",
      "臺南安平",
      "臺南市安平",
      "台南市安平區",
      "台南安平區",
      "台南安平",
      "台南市安平"
    ]
  },
  {
    "value": "臺南市,安南區",
    "synonyms": [
      "安南區",
      "安南",
      "臺南市安南區",
      "臺南安南區",
      "臺南安南",
      "臺南市安南",
      "台南市安南區",
      "台南安南區",
      "台南安南",
      "台南市安南"
    ]
  },
  {
    "value": "臺南市,永康區",
    "synonyms": [
      "永康區",
      "永康",
      "臺南市永康區",
      "臺南永康區",
      "臺南永康",
      "臺南市永康",
      "台南市永康區",
      "台南永康區",
      "台南永康",
      "台南市永康"
    ]
  },
  {
    "value": "臺南市,歸仁區",
    "synonyms": [
      "歸仁區",
      "歸仁",
      "臺南市歸仁區",
      "臺南歸仁區",
      "臺南歸仁",
      "臺南市歸仁",
      "台南市歸仁區",
      "台南歸仁區",
      "台南歸仁",
      "台南市歸仁"
    ]
  },
  {
    "value": "臺南市,新化區",
    "synonyms": [
      "新化區",
      "新化",
      "臺南市新化區",
      "臺南新化區",
      "臺南新化",
      "臺南市新化",
      "台南市新化區",
      "台南新化區",
      "台南新化",
      "台南市新化"
    ]
  },
  {
    "value": "臺南市,左鎮區",
    "synonyms": [
      "左鎮區",
      "左鎮",
      "臺南市左鎮區",
      "臺南左鎮區",
      "臺南左鎮",
      "臺南市左鎮",
      "台南市左鎮區",
      "台南左鎮區",
      "台南左鎮",
      "台南市左鎮"
    ]
  },
  {
    "value": "臺南市,玉井區",
    "synonyms": [
      "玉井區",
      "玉井",
      "臺南市玉井區",
      "臺南玉井區",
      "臺南玉井",
      "臺南市玉井",
      "台南市玉井區",
      "台南玉井區",
      "台南玉井",
      "台南市玉井"
    ]
  },
  {
    "value": "臺南市,楠西區",
    "synonyms": [
      "楠西區",
      "楠西",
      "臺南市楠西區",
      "臺南楠西區",
      "臺南楠西",
      "臺南市楠西",
      "台南市楠西區",
      "台南楠西區",
      "台南楠西",
      "台南市楠西"
    ]
  },
  {
    "value": "臺南市,南化區",
    "synonyms": [
      "南化區",
      "南化",
      "臺南市南化區",
      "臺南南化區",
      "臺南南化",
      "臺南市南化",
      "台南市南化區",
      "台南南化區",
      "台南南化",
      "台南市南化"
    ]
  },
  {
    "value": "臺南市,仁德區",
    "synonyms": [
      "仁德區",
      "仁德",
      "臺南市仁德區",
      "臺南仁德區",
      "臺南仁德",
      "臺南市仁德",
      "台南市仁德區",
      "台南仁德區",
      "台南仁德",
      "台南市仁德"
    ]
  },
  {
    "value": "臺南市,關廟區",
    "synonyms": [
      "關廟區",
      "關廟",
      "臺南市關廟區",
      "臺南關廟區",
      "臺南關廟",
      "臺南市關廟",
      "台南市關廟區",
      "台南關廟區",
      "台南關廟",
      "台南市關廟"
    ]
  },
  {
    "value": "臺南市,龍崎區",
    "synonyms": [
      "龍崎區",
      "龍崎",
      "臺南市龍崎區",
      "臺南龍崎區",
      "臺南龍崎",
      "臺南市龍崎",
      "台南市龍崎區",
      "台南龍崎區",
      "台南龍崎",
      "台南市龍崎"
    ]
  },
  {
    "value": "臺南市,官田區",
    "synonyms": [
      "官田區",
      "官田",
      "臺南市官田區",
      "臺南官田區",
      "臺南官田",
      "臺南市官田",
      "台南市官田區",
      "台南官田區",
      "台南官田",
      "台南市官田"
    ]
  },
  {
    "value": "臺南市,麻豆區",
    "synonyms": [
      "麻豆區",
      "麻豆",
      "臺南市麻豆區",
      "臺南麻豆區",
      "臺南麻豆",
      "臺南市麻豆",
      "台南市麻豆區",
      "台南麻豆區",
      "台南麻豆",
      "台南市麻豆"
    ]
  },
  {
    "value": "臺南市,佳里區",
    "synonyms": [
      "佳里區",
      "佳里",
      "臺南市佳里區",
      "臺南佳里區",
      "臺南佳里",
      "臺南市佳里",
      "台南市佳里區",
      "台南佳里區",
      "台南佳里",
      "台南市佳里"
    ]
  },
  {
    "value": "臺南市,西港區",
    "synonyms": [
      "西港區",
      "西港",
      "臺南市西港區",
      "臺南西港區",
      "臺南西港",
      "臺南市西港",
      "台南市西港區",
      "台南西港區",
      "台南西港",
      "台南市西港"
    ]
  },
  {
    "value": "臺南市,七股區",
    "synonyms": [
      "七股區",
      "七股",
      "臺南市七股區",
      "臺南七股區",
      "臺南七股",
      "臺南市七股",
      "台南市七股區",
      "台南七股區",
      "台南七股",
      "台南市七股"
    ]
  },
  {
    "value": "臺南市,將軍區",
    "synonyms": [
      "將軍區",
      "將軍",
      "臺南市將軍區",
      "臺南將軍區",
      "臺南將軍",
      "臺南市將軍",
      "台南市將軍區",
      "台南將軍區",
      "台南將軍",
      "台南市將軍"
    ]
  },
  {
    "value": "臺南市,學甲區",
    "synonyms": [
      "學甲區",
      "學甲",
      "臺南市學甲區",
      "臺南學甲區",
      "臺南學甲",
      "臺南市學甲",
      "台南市學甲區",
      "台南學甲區",
      "台南學甲",
      "台南市學甲"
    ]
  },
  {
    "value": "臺南市,北門區",
    "synonyms": [
      "北門區",
      "北門",
      "臺南市北門區",
      "臺南北門區",
      "臺南北門",
      "臺南市北門",
      "台南市北門區",
      "台南北門區",
      "台南北門",
      "台南市北門"
    ]
  },
  {
    "value": "臺南市,新營區",
    "synonyms": [
      "新營區",
      "新營",
      "臺南市新營區",
      "臺南新營區",
      "臺南新營",
      "臺南市新營",
      "台南市新營區",
      "台南新營區",
      "台南新營",
      "台南市新營"
    ]
  },
  {
    "value": "臺南市,後壁區",
    "synonyms": [
      "後壁區",
      "後壁",
      "臺南市後壁區",
      "臺南後壁區",
      "臺南後壁",
      "臺南市後壁",
      "台南市後壁區",
      "台南後壁區",
      "台南後壁",
      "台南市後壁"
    ]
  },
  {
    "value": "臺南市,白河區",
    "synonyms": [
      "白河區",
      "白河",
      "臺南市白河區",
      "臺南白河區",
      "臺南白河",
      "臺南市白河",
      "台南市白河區",
      "台南白河區",
      "台南白河",
      "台南市白河"
    ]
  },
  {
    "value": "臺南市,東山區",
    "synonyms": [
      "東山區",
      "東山",
      "臺南市東山區",
      "臺南東山區",
      "臺南東山",
      "臺南市東山",
      "台南市東山區",
      "台南東山區",
      "台南東山",
      "台南市東山"
    ]
  },
  {
    "value": "臺南市,六甲區",
    "synonyms": [
      "六甲區",
      "六甲",
      "臺南市六甲區",
      "臺南六甲區",
      "臺南六甲",
      "臺南市六甲",
      "台南市六甲區",
      "台南六甲區",
      "台南六甲",
      "台南市六甲"
    ]
  },
  {
    "value": "臺南市,下營區",
    "synonyms": [
      "下營區",
      "下營",
      "臺南市下營區",
      "臺南下營區",
      "臺南下營",
      "臺南市下營",
      "台南市下營區",
      "台南下營區",
      "台南下營",
      "台南市下營"
    ]
  },
  {
    "value": "臺南市,柳營區",
    "synonyms": [
      "柳營區",
      "柳營",
      "臺南市柳營區",
      "臺南柳營區",
      "臺南柳營",
      "臺南市柳營",
      "台南市柳營區",
      "台南柳營區",
      "台南柳營",
      "台南市柳營"
    ]
  },
  {
    "value": "臺南市,鹽水區",
    "synonyms": [
      "鹽水區",
      "鹽水",
      "臺南市鹽水區",
      "臺南鹽水區",
      "臺南鹽水",
      "臺南市鹽水",
      "台南市鹽水區",
      "台南鹽水區",
      "台南鹽水",
      "台南市鹽水"
    ]
  },
  {
    "value": "臺南市,善化區",
    "synonyms": [
      "善化區",
      "善化",
      "臺南市善化區",
      "臺南善化區",
      "臺南善化",
      "臺南市善化",
      "台南市善化區",
      "台南善化區",
      "台南善化",
      "台南市善化"
    ]
  },
  {
    "value": "臺南市,新市區",
    "synonyms": [
      "新市區",
      "新市",
      "臺南市新市區",
      "臺南新市區",
      "臺南新市",
      "臺南市新市",
      "台南市新市區",
      "台南新市區",
      "台南新市",
      "台南市新市"
    ]
  },
  {
    "value": "臺南市,大內區",
    "synonyms": [
      "大內區",
      "大內",
      "臺南市大內區",
      "臺南大內區",
      "臺南大內",
      "臺南市大內",
      "台南市大內區",
      "台南大內區",
      "台南大內",
      "台南市大內"
    ]
  },
  {
    "value": "臺南市,山上區",
    "synonyms": [
      "山上區",
      "山上",
      "臺南市山上區",
      "臺南山上區",
      "臺南山上",
      "臺南市山上",
      "台南市山上區",
      "台南山上區",
      "台南山上",
      "台南市山上"
    ]
  },
  {
    "value": "臺南市,安定區",
    "synonyms": [
      "安定區",
      "安定",
      "臺南市安定區",
      "臺南安定區",
      "臺南安定",
      "臺南市安定",
      "台南市安定區",
      "台南安定區",
      "台南安定",
      "台南市安定"
    ]
  },
  {
    "value": "高雄市,新興區",
    "synonyms": [
      "新興區",
      "新興",
      "高雄市新興區",
      "高雄新興區",
      "高雄新興",
      "高雄市新興"
    ]
  },
  {
    "value": "高雄市,前金區",
    "synonyms": [
      "前金區",
      "前金",
      "高雄市前金區",
      "高雄前金區",
      "高雄前金",
      "高雄市前金"
    ]
  },
  {
    "value": "高雄市,苓雅區",
    "synonyms": [
      "苓雅區",
      "苓雅",
      "高雄市苓雅區",
      "高雄苓雅區",
      "高雄苓雅",
      "高雄市苓雅"
    ]
  },
  {
    "value": "高雄市,鹽埕區",
    "synonyms": [
      "鹽埕區",
      "鹽埕",
      "高雄市鹽埕區",
      "高雄鹽埕區",
      "高雄鹽埕",
      "高雄市鹽埕"
    ]
  },
  {
    "value": "高雄市,鼓山區",
    "synonyms": [
      "鼓山區",
      "鼓山",
      "高雄市鼓山區",
      "高雄鼓山區",
      "高雄鼓山",
      "高雄市鼓山"
    ]
  },
  {
    "value": "高雄市,旗津區",
    "synonyms": [
      "旗津區",
      "旗津",
      "高雄市旗津區",
      "高雄旗津區",
      "高雄旗津",
      "高雄市旗津"
    ]
  },
  {
    "value": "高雄市,前鎮區",
    "synonyms": [
      "前鎮區",
      "前鎮",
      "高雄市前鎮區",
      "高雄前鎮區",
      "高雄前鎮",
      "高雄市前鎮"
    ]
  },
  {
    "value": "高雄市,三民區",
    "synonyms": [
      "三民區",
      "三民",
      "高雄市三民區",
      "高雄三民區",
      "高雄三民",
      "高雄市三民",
      "高雄市",
      "高雄"
    ]
  },
  {
    "value": "高雄市,楠梓區",
    "synonyms": [
      "楠梓區",
      "楠梓",
      "高雄市楠梓區",
      "高雄楠梓區",
      "高雄楠梓",
      "高雄市楠梓"
    ]
  },
  {
    "value": "高雄市,小港區",
    "synonyms": [
      "小港區",
      "小港",
      "高雄市小港區",
      "高雄小港區",
      "高雄小港",
      "高雄市小港"
    ]
  },
  {
    "value": "高雄市,左營區",
    "synonyms": [
      "左營區",
      "左營",
      "高雄市左營區",
      "高雄左營區",
      "高雄左營",
      "高雄市左營"
    ]
  },
  {
    "value": "高雄市,仁武區",
    "synonyms": [
      "仁武區",
      "仁武",
      "高雄市仁武區",
      "高雄仁武區",
      "高雄仁武",
      "高雄市仁武"
    ]
  },
  {
    "value": "高雄市,大社區",
    "synonyms": [
      "大社區",
      "大社",
      "高雄市大社區",
      "高雄大社區",
      "高雄大社",
      "高雄市大社"
    ]
  },
  {
    "value": "高雄市,岡山區",
    "synonyms": [
      "岡山區",
      "岡山",
      "高雄市岡山區",
      "高雄岡山區",
      "高雄岡山",
      "高雄市岡山"
    ]
  },
  {
    "value": "高雄市,路竹區",
    "synonyms": [
      "路竹區",
      "路竹",
      "高雄市路竹區",
      "高雄路竹區",
      "高雄路竹",
      "高雄市路竹"
    ]
  },
  {
    "value": "高雄市,阿蓮區",
    "synonyms": [
      "阿蓮區",
      "阿蓮",
      "高雄市阿蓮區",
      "高雄阿蓮區",
      "高雄阿蓮",
      "高雄市阿蓮"
    ]
  },
  {
    "value": "高雄市,田寮區",
    "synonyms": [
      "田寮區",
      "田寮",
      "高雄市田寮區",
      "高雄田寮區",
      "高雄田寮",
      "高雄市田寮"
    ]
  },
  {
    "value": "高雄市,燕巢區",
    "synonyms": [
      "燕巢區",
      "燕巢",
      "高雄市燕巢區",
      "高雄燕巢區",
      "高雄燕巢",
      "高雄市燕巢"
    ]
  },
  {
    "value": "高雄市,橋頭區",
    "synonyms": [
      "橋頭區",
      "橋頭",
      "高雄市橋頭區",
      "高雄橋頭區",
      "高雄橋頭",
      "高雄市橋頭"
    ]
  },
  {
    "value": "高雄市,梓官區",
    "synonyms": [
      "梓官區",
      "梓官",
      "高雄市梓官區",
      "高雄梓官區",
      "高雄梓官",
      "高雄市梓官"
    ]
  },
  {
    "value": "高雄市,彌陀區",
    "synonyms": [
      "彌陀區",
      "彌陀",
      "高雄市彌陀區",
      "高雄彌陀區",
      "高雄彌陀",
      "高雄市彌陀"
    ]
  },
  {
    "value": "高雄市,永安區",
    "synonyms": [
      "永安區",
      "永安",
      "高雄市永安區",
      "高雄永安區",
      "高雄永安",
      "高雄市永安"
    ]
  },
  {
    "value": "高雄市,湖內區",
    "synonyms": [
      "湖內區",
      "湖內",
      "高雄市湖內區",
      "高雄湖內區",
      "高雄湖內",
      "高雄市湖內"
    ]
  },
  {
    "value": "高雄市,鳳山區",
    "synonyms": [
      "鳳山區",
      "鳳山",
      "高雄市鳳山區",
      "高雄鳳山區",
      "高雄鳳山",
      "高雄市鳳山"
    ]
  },
  {
    "value": "高雄市,大寮區",
    "synonyms": [
      "大寮區",
      "大寮",
      "高雄市大寮區",
      "高雄大寮區",
      "高雄大寮",
      "高雄市大寮"
    ]
  },
  {
    "value": "高雄市,林園區",
    "synonyms": [
      "林園區",
      "林園",
      "高雄市林園區",
      "高雄林園區",
      "高雄林園",
      "高雄市林園"
    ]
  },
  {
    "value": "高雄市,鳥松區",
    "synonyms": [
      "鳥松區",
      "鳥松",
      "高雄市鳥松區",
      "高雄鳥松區",
      "高雄鳥松",
      "高雄市鳥松"
    ]
  },
  {
    "value": "高雄市,大樹區",
    "synonyms": [
      "大樹區",
      "大樹",
      "高雄市大樹區",
      "高雄大樹區",
      "高雄大樹",
      "高雄市大樹"
    ]
  },
  {
    "value": "高雄市,旗山區",
    "synonyms": [
      "旗山區",
      "旗山",
      "高雄市旗山區",
      "高雄旗山區",
      "高雄旗山",
      "高雄市旗山"
    ]
  },
  {
    "value": "高雄市,美濃區",
    "synonyms": [
      "美濃區",
      "美濃",
      "高雄市美濃區",
      "高雄美濃區",
      "高雄美濃",
      "高雄市美濃"
    ]
  },
  {
    "value": "高雄市,六龜區",
    "synonyms": [
      "六龜區",
      "六龜",
      "高雄市六龜區",
      "高雄六龜區",
      "高雄六龜",
      "高雄市六龜"
    ]
  },
  {
    "value": "高雄市,內門區",
    "synonyms": [
      "內門區",
      "內門",
      "高雄市內門區",
      "高雄內門區",
      "高雄內門",
      "高雄市內門"
    ]
  },
  {
    "value": "高雄市,杉林區",
    "synonyms": [
      "杉林區",
      "杉林",
      "高雄市杉林區",
      "高雄杉林區",
      "高雄杉林",
      "高雄市杉林"
    ]
  },
  {
    "value": "高雄市,甲仙區",
    "synonyms": [
      "甲仙區",
      "甲仙",
      "高雄市甲仙區",
      "高雄甲仙區",
      "高雄甲仙",
      "高雄市甲仙"
    ]
  },
  {
    "value": "高雄市,桃源區",
    "synonyms": [
      "桃源區",
      "桃源",
      "高雄市桃源區",
      "高雄桃源區",
      "高雄桃源",
      "高雄市桃源"
    ]
  },
  {
    "value": "高雄市,那瑪夏區",
    "synonyms": [
      "那瑪夏區",
      "那瑪夏",
      "高雄市那瑪夏區",
      "高雄那瑪夏區",
      "高雄那瑪夏",
      "高雄市那瑪夏"
    ]
  },
  {
    "value": "高雄市,茂林區",
    "synonyms": [
      "茂林區",
      "茂林",
      "高雄市茂林區",
      "高雄茂林區",
      "高雄茂林",
      "高雄市茂林"
    ]
  },
  {
    "value": "高雄市,茄萣區",
    "synonyms": [
      "茄萣區",
      "茄萣",
      "高雄市茄萣區",
      "高雄茄萣區",
      "高雄茄萣",
      "高雄市茄萣"
    ]
  },
  {
    "value": "澎湖縣,馬公市",
    "synonyms": [
      "馬公市",
      "馬公",
      "澎湖縣馬公市",
      "澎湖馬公市",
      "澎湖馬公",
      "澎湖縣馬公",
      "澎湖縣",
      "澎湖"
    ]
  },
  {
    "value": "澎湖縣,西嶼鄉",
    "synonyms": [
      "西嶼鄉",
      "西嶼",
      "澎湖縣西嶼鄉",
      "澎湖西嶼鄉",
      "澎湖西嶼",
      "澎湖縣西嶼"
    ]
  },
  {
    "value": "澎湖縣,望安鄉",
    "synonyms": [
      "望安鄉",
      "望安",
      "澎湖縣望安鄉",
      "澎湖望安鄉",
      "澎湖望安",
      "澎湖縣望安"
    ]
  },
  {
    "value": "澎湖縣,七美鄉",
    "synonyms": [
      "七美鄉",
      "七美",
      "澎湖縣七美鄉",
      "澎湖七美鄉",
      "澎湖七美",
      "澎湖縣七美"
    ]
  },
  {
    "value": "澎湖縣,白沙鄉",
    "synonyms": [
      "白沙鄉",
      "白沙",
      "澎湖縣白沙鄉",
      "澎湖白沙鄉",
      "澎湖白沙",
      "澎湖縣白沙"
    ]
  },
  {
    "value": "澎湖縣,湖西鄉",
    "synonyms": [
      "湖西鄉",
      "湖西",
      "澎湖縣湖西鄉",
      "澎湖湖西鄉",
      "澎湖湖西",
      "澎湖縣湖西"
    ]
  },
  {
    "value": "金門縣,金沙鎮",
    "synonyms": [
      "金沙鎮",
      "金沙",
      "金門縣金沙鎮",
      "金門金沙鎮",
      "金門金沙",
      "金門縣金沙"
    ]
  },
  {
    "value": "金門縣,金湖鎮",
    "synonyms": [
      "金湖鎮",
      "金湖",
      "金門縣金湖鎮",
      "金門金湖鎮",
      "金門金湖",
      "金門縣金湖"
    ]
  },
  {
    "value": "金門縣,金寧鄉",
    "synonyms": [
      "金寧鄉",
      "金寧",
      "金門縣金寧鄉",
      "金門金寧鄉",
      "金門金寧",
      "金門縣金寧"
    ]
  },
  {
    "value": "金門縣,金城鎮",
    "synonyms": [
      "金城鎮",
      "金城",
      "金門縣金城鎮",
      "金門金城鎮",
      "金門金城",
      "金門縣金城",
      "金門縣",
      "金門"
    ]
  },
  {
    "value": "金門縣,烈嶼鄉",
    "synonyms": [
      "烈嶼鄉",
      "烈嶼",
      "金門縣烈嶼鄉",
      "金門烈嶼鄉",
      "金門烈嶼",
      "金門縣烈嶼"
    ]
  },
  {
    "value": "金門縣,烏坵鄉",
    "synonyms": [
      "烏坵鄉",
      "烏坵",
      "金門縣烏坵鄉",
      "金門烏坵鄉",
      "金門烏坵",
      "金門縣烏坵"
    ]
  },
  {
    "value": "屏東縣,屏東市",
    "synonyms": [
      "屏東市",
      "屏東",
      "屏東縣屏東市",
      "屏東屏東市",
      "屏東屏東",
      "屏東縣屏東"
    ]
  },
  {
    "value": "屏東縣,三地門鄉",
    "synonyms": [
      "三地門鄉",
      "三地門",
      "屏東縣三地門鄉",
      "屏東三地門鄉",
      "屏東三地門",
      "屏東縣三地門"
    ]
  },
  {
    "value": "屏東縣,霧臺鄉",
    "synonyms": [
      "霧臺鄉",
      "霧臺",
      "屏東縣霧臺鄉",
      "屏東霧臺鄉",
      "屏東霧臺",
      "屏東縣霧臺"
    ]
  },
  {
    "value": "屏東縣,瑪家鄉",
    "synonyms": [
      "瑪家鄉",
      "瑪家",
      "屏東縣瑪家鄉",
      "屏東瑪家鄉",
      "屏東瑪家",
      "屏東縣瑪家"
    ]
  },
  {
    "value": "屏東縣,九如鄉",
    "synonyms": [
      "九如鄉",
      "九如",
      "屏東縣九如鄉",
      "屏東九如鄉",
      "屏東九如",
      "屏東縣九如"
    ]
  },
  {
    "value": "屏東縣,里港鄉",
    "synonyms": [
      "里港鄉",
      "里港",
      "屏東縣里港鄉",
      "屏東里港鄉",
      "屏東里港",
      "屏東縣里港"
    ]
  },
  {
    "value": "屏東縣,高樹鄉",
    "synonyms": [
      "高樹鄉",
      "高樹",
      "屏東縣高樹鄉",
      "屏東高樹鄉",
      "屏東高樹",
      "屏東縣高樹"
    ]
  },
  {
    "value": "屏東縣,鹽埔鄉",
    "synonyms": [
      "鹽埔鄉",
      "鹽埔",
      "屏東縣鹽埔鄉",
      "屏東鹽埔鄉",
      "屏東鹽埔",
      "屏東縣鹽埔"
    ]
  },
  {
    "value": "屏東縣,長治鄉",
    "synonyms": [
      "長治鄉",
      "長治",
      "屏東縣長治鄉",
      "屏東長治鄉",
      "屏東長治",
      "屏東縣長治"
    ]
  },
  {
    "value": "屏東縣,麟洛鄉",
    "synonyms": [
      "麟洛鄉",
      "麟洛",
      "屏東縣麟洛鄉",
      "屏東麟洛鄉",
      "屏東麟洛",
      "屏東縣麟洛"
    ]
  },
  {
    "value": "屏東縣,竹田鄉",
    "synonyms": [
      "竹田鄉",
      "竹田",
      "屏東縣竹田鄉",
      "屏東竹田鄉",
      "屏東竹田",
      "屏東縣竹田"
    ]
  },
  {
    "value": "屏東縣,內埔鄉",
    "synonyms": [
      "內埔鄉",
      "內埔",
      "屏東縣內埔鄉",
      "屏東內埔鄉",
      "屏東內埔",
      "屏東縣內埔"
    ]
  },
  {
    "value": "屏東縣,萬丹鄉",
    "synonyms": [
      "萬丹鄉",
      "萬丹",
      "屏東縣萬丹鄉",
      "屏東萬丹鄉",
      "屏東萬丹",
      "屏東縣萬丹"
    ]
  },
  {
    "value": "屏東縣,潮州鎮",
    "synonyms": [
      "潮州鎮",
      "潮州",
      "屏東縣潮州鎮",
      "屏東潮州鎮",
      "屏東潮州",
      "屏東縣潮州"
    ]
  },
  {
    "value": "屏東縣,泰武鄉",
    "synonyms": [
      "泰武鄉",
      "泰武",
      "屏東縣泰武鄉",
      "屏東泰武鄉",
      "屏東泰武",
      "屏東縣泰武"
    ]
  },
  {
    "value": "屏東縣,來義鄉",
    "synonyms": [
      "來義鄉",
      "來義",
      "屏東縣來義鄉",
      "屏東來義鄉",
      "屏東來義",
      "屏東縣來義"
    ]
  },
  {
    "value": "屏東縣,萬巒鄉",
    "synonyms": [
      "萬巒鄉",
      "萬巒",
      "屏東縣萬巒鄉",
      "屏東萬巒鄉",
      "屏東萬巒",
      "屏東縣萬巒"
    ]
  },
  {
    "value": "屏東縣,崁頂鄉",
    "synonyms": [
      "崁頂鄉",
      "崁頂",
      "屏東縣崁頂鄉",
      "屏東崁頂鄉",
      "屏東崁頂",
      "屏東縣崁頂"
    ]
  },
  {
    "value": "屏東縣,新埤鄉",
    "synonyms": [
      "新埤鄉",
      "新埤",
      "屏東縣新埤鄉",
      "屏東新埤鄉",
      "屏東新埤",
      "屏東縣新埤"
    ]
  },
  {
    "value": "屏東縣,南州鄉",
    "synonyms": [
      "南州鄉",
      "南州",
      "屏東縣南州鄉",
      "屏東南州鄉",
      "屏東南州",
      "屏東縣南州"
    ]
  },
  {
    "value": "屏東縣,林邊鄉",
    "synonyms": [
      "林邊鄉",
      "林邊",
      "屏東縣林邊鄉",
      "屏東林邊鄉",
      "屏東林邊",
      "屏東縣林邊"
    ]
  },
  {
    "value": "屏東縣,東港鎮",
    "synonyms": [
      "東港鎮",
      "東港",
      "屏東縣東港鎮",
      "屏東東港鎮",
      "屏東東港",
      "屏東縣東港"
    ]
  },
  {
    "value": "屏東縣,琉球鄉",
    "synonyms": [
      "琉球鄉",
      "琉球",
      "屏東縣琉球鄉",
      "屏東琉球鄉",
      "屏東琉球",
      "屏東縣琉球"
    ]
  },
  {
    "value": "屏東縣,佳冬鄉",
    "synonyms": [
      "佳冬鄉",
      "佳冬",
      "屏東縣佳冬鄉",
      "屏東佳冬鄉",
      "屏東佳冬",
      "屏東縣佳冬"
    ]
  },
  {
    "value": "屏東縣,新園鄉",
    "synonyms": [
      "新園鄉",
      "新園",
      "屏東縣新園鄉",
      "屏東新園鄉",
      "屏東新園",
      "屏東縣新園"
    ]
  },
  {
    "value": "屏東縣,枋寮鄉",
    "synonyms": [
      "枋寮鄉",
      "枋寮",
      "屏東縣枋寮鄉",
      "屏東枋寮鄉",
      "屏東枋寮",
      "屏東縣枋寮"
    ]
  },
  {
    "value": "屏東縣,枋山鄉",
    "synonyms": [
      "枋山鄉",
      "枋山",
      "屏東縣枋山鄉",
      "屏東枋山鄉",
      "屏東枋山",
      "屏東縣枋山"
    ]
  },
  {
    "value": "屏東縣,春日鄉",
    "synonyms": [
      "春日鄉",
      "春日",
      "屏東縣春日鄉",
      "屏東春日鄉",
      "屏東春日",
      "屏東縣春日"
    ]
  },
  {
    "value": "屏東縣,獅子鄉",
    "synonyms": [
      "獅子鄉",
      "獅子",
      "屏東縣獅子鄉",
      "屏東獅子鄉",
      "屏東獅子",
      "屏東縣獅子"
    ]
  },
  {
    "value": "屏東縣,車城鄉",
    "synonyms": [
      "車城鄉",
      "車城",
      "屏東縣車城鄉",
      "屏東車城鄉",
      "屏東車城",
      "屏東縣車城"
    ]
  },
  {
    "value": "屏東縣,牡丹鄉",
    "synonyms": [
      "牡丹鄉",
      "牡丹",
      "屏東縣牡丹鄉",
      "屏東牡丹鄉",
      "屏東牡丹",
      "屏東縣牡丹"
    ]
  },
  {
    "value": "屏東縣,恆春鎮",
    "synonyms": [
      "恆春鎮",
      "恆春",
      "屏東縣恆春鎮",
      "屏東恆春鎮",
      "屏東恆春",
      "屏東縣恆春"
    ]
  },
  {
    "value": "屏東縣,滿州鄉",
    "synonyms": [
      "滿州鄉",
      "滿州",
      "屏東縣滿州鄉",
      "屏東滿州鄉",
      "屏東滿州",
      "屏東縣滿州"
    ]
  },
  {
    "value": "臺東縣,臺東市",
    "synonyms": [
      "臺東市",
      "臺東",
      "臺東縣臺東市",
      "臺東臺東市",
      "臺東臺東",
      "臺東縣臺東",
      "台東縣臺東市",
      "台東臺東市",
      "台東臺東",
      "台東縣臺東",
      "台東市",
      "台東"
    ]
  },
  {
    "value": "臺東縣,綠島鄉",
    "synonyms": [
      "綠島鄉",
      "綠島",
      "臺東縣綠島鄉",
      "臺東綠島鄉",
      "臺東綠島",
      "臺東縣綠島",
      "台東縣綠島鄉",
      "台東綠島鄉",
      "台東綠島",
      "台東縣綠島"
    ]
  },
  {
    "value": "臺東縣,蘭嶼鄉",
    "synonyms": [
      "蘭嶼鄉",
      "蘭嶼",
      "臺東縣蘭嶼鄉",
      "臺東蘭嶼鄉",
      "臺東蘭嶼",
      "臺東縣蘭嶼",
      "台東縣蘭嶼鄉",
      "台東蘭嶼鄉",
      "台東蘭嶼",
      "台東縣蘭嶼"
    ]
  },
  {
    "value": "臺東縣,延平鄉",
    "synonyms": [
      "延平鄉",
      "延平",
      "臺東縣延平鄉",
      "臺東延平鄉",
      "臺東延平",
      "臺東縣延平",
      "台東縣延平鄉",
      "台東延平鄉",
      "台東延平",
      "台東縣延平"
    ]
  },
  {
    "value": "臺東縣,卑南鄉",
    "synonyms": [
      "卑南鄉",
      "卑南",
      "臺東縣卑南鄉",
      "臺東卑南鄉",
      "臺東卑南",
      "臺東縣卑南",
      "台東縣卑南鄉",
      "台東卑南鄉",
      "台東卑南",
      "台東縣卑南"
    ]
  },
  {
    "value": "臺東縣,鹿野鄉",
    "synonyms": [
      "鹿野鄉",
      "鹿野",
      "臺東縣鹿野鄉",
      "臺東鹿野鄉",
      "臺東鹿野",
      "臺東縣鹿野",
      "台東縣鹿野鄉",
      "台東鹿野鄉",
      "台東鹿野",
      "台東縣鹿野"
    ]
  },
  {
    "value": "臺東縣,關山鎮",
    "synonyms": [
      "關山鎮",
      "關山",
      "臺東縣關山鎮",
      "臺東關山鎮",
      "臺東關山",
      "臺東縣關山",
      "台東縣關山鎮",
      "台東關山鎮",
      "台東關山",
      "台東縣關山"
    ]
  },
  {
    "value": "臺東縣,海端鄉",
    "synonyms": [
      "海端鄉",
      "海端",
      "臺東縣海端鄉",
      "臺東海端鄉",
      "臺東海端",
      "臺東縣海端",
      "台東縣海端鄉",
      "台東海端鄉",
      "台東海端",
      "台東縣海端"
    ]
  },
  {
    "value": "臺東縣,池上鄉",
    "synonyms": [
      "池上鄉",
      "池上",
      "臺東縣池上鄉",
      "臺東池上鄉",
      "臺東池上",
      "臺東縣池上",
      "台東縣池上鄉",
      "台東池上鄉",
      "台東池上",
      "台東縣池上"
    ]
  },
  {
    "value": "臺東縣,東河鄉",
    "synonyms": [
      "東河鄉",
      "東河",
      "臺東縣東河鄉",
      "臺東東河鄉",
      "臺東東河",
      "臺東縣東河",
      "台東縣東河鄉",
      "台東東河鄉",
      "台東東河",
      "台東縣東河"
    ]
  },
  {
    "value": "臺東縣,成功鎮",
    "synonyms": [
      "成功鎮",
      "成功",
      "臺東縣成功鎮",
      "臺東成功鎮",
      "臺東成功",
      "臺東縣成功",
      "台東縣成功鎮",
      "台東成功鎮",
      "台東成功",
      "台東縣成功"
    ]
  },
  {
    "value": "臺東縣,長濱鄉",
    "synonyms": [
      "長濱鄉",
      "長濱",
      "臺東縣長濱鄉",
      "臺東長濱鄉",
      "臺東長濱",
      "臺東縣長濱",
      "台東縣長濱鄉",
      "台東長濱鄉",
      "台東長濱",
      "台東縣長濱"
    ]
  },
  {
    "value": "臺東縣,太麻里鄉",
    "synonyms": [
      "太麻里鄉",
      "太麻里",
      "臺東縣太麻里鄉",
      "臺東太麻里鄉",
      "臺東太麻里",
      "臺東縣太麻里",
      "台東縣太麻里鄉",
      "台東太麻里鄉",
      "台東太麻里",
      "台東縣太麻里"
    ]
  },
  {
    "value": "臺東縣,金峰鄉",
    "synonyms": [
      "金峰鄉",
      "金峰",
      "臺東縣金峰鄉",
      "臺東金峰鄉",
      "臺東金峰",
      "臺東縣金峰",
      "台東縣金峰鄉",
      "台東金峰鄉",
      "台東金峰",
      "台東縣金峰"
    ]
  },
  {
    "value": "臺東縣,大武鄉",
    "synonyms": [
      "大武鄉",
      "大武",
      "臺東縣大武鄉",
      "臺東大武鄉",
      "臺東大武",
      "臺東縣大武",
      "台東縣大武鄉",
      "台東大武鄉",
      "台東大武",
      "台東縣大武"
    ]
  },
  {
    "value": "臺東縣,達仁鄉",
    "synonyms": [
      "達仁鄉",
      "達仁",
      "臺東縣達仁鄉",
      "臺東達仁鄉",
      "臺東達仁",
      "臺東縣達仁",
      "台東縣達仁鄉",
      "台東達仁鄉",
      "台東達仁",
      "台東縣達仁"
    ]
  },
  {
    "value": "花蓮縣,花蓮市",
    "synonyms": [
      "花蓮市",
      "花蓮",
      "花蓮縣花蓮市",
      "花蓮花蓮市",
      "花蓮花蓮",
      "花蓮縣花蓮"
    ]
  },
  {
    "value": "花蓮縣,新城鄉",
    "synonyms": [
      "新城鄉",
      "新城",
      "花蓮縣新城鄉",
      "花蓮新城鄉",
      "花蓮新城",
      "花蓮縣新城"
    ]
  },
  {
    "value": "花蓮縣,秀林鄉",
    "synonyms": [
      "秀林鄉",
      "秀林",
      "花蓮縣秀林鄉",
      "花蓮秀林鄉",
      "花蓮秀林",
      "花蓮縣秀林"
    ]
  },
  {
    "value": "花蓮縣,吉安鄉",
    "synonyms": [
      "吉安鄉",
      "吉安",
      "花蓮縣吉安鄉",
      "花蓮吉安鄉",
      "花蓮吉安",
      "花蓮縣吉安"
    ]
  },
  {
    "value": "花蓮縣,壽豐鄉",
    "synonyms": [
      "壽豐鄉",
      "壽豐",
      "花蓮縣壽豐鄉",
      "花蓮壽豐鄉",
      "花蓮壽豐",
      "花蓮縣壽豐"
    ]
  },
  {
    "value": "花蓮縣,鳳林鎮",
    "synonyms": [
      "鳳林鎮",
      "鳳林",
      "花蓮縣鳳林鎮",
      "花蓮鳳林鎮",
      "花蓮鳳林",
      "花蓮縣鳳林"
    ]
  },
  {
    "value": "花蓮縣,光復鄉",
    "synonyms": [
      "光復鄉",
      "光復",
      "花蓮縣光復鄉",
      "花蓮光復鄉",
      "花蓮光復",
      "花蓮縣光復"
    ]
  },
  {
    "value": "花蓮縣,豐濱鄉",
    "synonyms": [
      "豐濱鄉",
      "豐濱",
      "花蓮縣豐濱鄉",
      "花蓮豐濱鄉",
      "花蓮豐濱",
      "花蓮縣豐濱"
    ]
  },
  {
    "value": "花蓮縣,瑞穗鄉",
    "synonyms": [
      "瑞穗鄉",
      "瑞穗",
      "花蓮縣瑞穗鄉",
      "花蓮瑞穗鄉",
      "花蓮瑞穗",
      "花蓮縣瑞穗"
    ]
  },
  {
    "value": "花蓮縣,萬榮鄉",
    "synonyms": [
      "萬榮鄉",
      "萬榮",
      "花蓮縣萬榮鄉",
      "花蓮萬榮鄉",
      "花蓮萬榮",
      "花蓮縣萬榮"
    ]
  },
  {
    "value": "花蓮縣,玉里鎮",
    "synonyms": [
      "玉里鎮",
      "玉里",
      "花蓮縣玉里鎮",
      "花蓮玉里鎮",
      "花蓮玉里",
      "花蓮縣玉里"
    ]
  },
  {
    "value": "花蓮縣,卓溪鄉",
    "synonyms": [
      "卓溪鄉",
      "卓溪",
      "花蓮縣卓溪鄉",
      "花蓮卓溪鄉",
      "花蓮卓溪",
      "花蓮縣卓溪"
    ]
  },
  {
    "value": "花蓮縣,富里鄉",
    "synonyms": [
      "富里鄉",
      "富里",
      "花蓮縣富里鄉",
      "花蓮富里鄉",
      "花蓮富里",
      "花蓮縣富里"
    ]
  }
]